A138BU1VWM2RKN:3NVC2EB65RHWZRQIQM4QR6YOZVZ3Y0,0,1446142344541,"{""phase"": ""INSTRUCTIONS"", ""templates"": [""instructions/instruct-1.html"", ""instructions/instruct-2.html"", ""instructions/instruct-3.html"", ""instructions/instruct-4.html"", ""instructions/instruct-5.html"", ""instructions/instruct-ready.html""], ""action"": ""Begin""}"
A138BU1VWM2RKN:3NVC2EB65RHWZRQIQM4QR6YOZVZ3Y0,1,1446142346443,"{""phase"": ""INSTRUCTIONS"", ""indexOf"": 0, ""viewTime"": 1870, ""action"": ""NextPage"", ""template"": ""instructions/instruct-1.html""}"
A138BU1VWM2RKN:3NVC2EB65RHWZRQIQM4QR6YOZVZ3Y0,2,1446142348154,"{""phase"": ""INSTRUCTIONS"", ""indexOf"": 1, ""viewTime"": 1711, ""action"": ""NextPage"", ""template"": ""instructions/instruct-2.html""}"
A138BU1VWM2RKN:3NVC2EB65RHWZRQIQM4QR6YOZVZ3Y0,3,1446142351561,"{""phase"": ""INSTRUCTIONS"", ""indexOf"": 2, ""viewTime"": 3407, ""action"": ""NextPage"", ""template"": ""instructions/instruct-3.html""}"
A138BU1VWM2RKN:3NVC2EB65RHWZRQIQM4QR6YOZVZ3Y0,4,1446142353851,"{""phase"": ""INSTRUCTIONS"", ""indexOf"": 3, ""viewTime"": 2290, ""action"": ""NextPage"", ""template"": ""instructions/instruct-4.html""}"
A138BU1VWM2RKN:3NVC2EB65RHWZRQIQM4QR6YOZVZ3Y0,5,1446142360637,"{""phase"": ""INSTRUCTIONS"", ""indexOf"": 4, ""viewTime"": 6784, ""action"": ""NextPage"", ""template"": ""instructions/instruct-5.html""}"
A138BU1VWM2RKN:3NVC2EB65RHWZRQIQM4QR6YOZVZ3Y0,6,1446142363308,"{""phase"": ""INSTRUCTIONS"", ""indexOf"": 5, ""viewTime"": 2671, ""action"": ""FinishInstructions"", ""template"": ""instructions/instruct-ready.html""}"
A1BIJGB7XA0GME:3ZSY5X72NYTCOF7IVPWO7D32R06OR6,0,1446151692940,"{""phase"": ""INSTRUCTIONS"", ""templates"": [""instructions/instruct-1.html"", ""instructions/instruct-2.html"", ""instructions/instruct-3.html"", ""instructions/instruct-4.html"", ""instructions/instruct-5.html"", ""instructions/instruct-ready.html""], ""action"": ""Begin""}"
A1BIJGB7XA0GME:3ZSY5X72NYTCOF7IVPWO7D32R06OR6,1,1446151695063,"{""phase"": ""INSTRUCTIONS"", ""indexOf"": 0, ""viewTime"": 2123, ""action"": ""NextPage"", ""template"": ""instructions/instruct-1.html""}"
A1BIJGB7XA0GME:3ZSY5X72NYTCOF7IVPWO7D32R06OR6,2,1446151697004,"{""phase"": ""INSTRUCTIONS"", ""indexOf"": 1, ""viewTime"": 1941, ""action"": ""NextPage"", ""template"": ""instructions/instruct-2.html""}"
A1BIJGB7XA0GME:3ZSY5X72NYTCOF7IVPWO7D32R06OR6,3,1446151698860,"{""phase"": ""INSTRUCTIONS"", ""indexOf"": 2, ""viewTime"": 1856, ""action"": ""NextPage"", ""template"": ""instructions/instruct-3.html""}"
A1BIJGB7XA0GME:3ZSY5X72NYTCOF7IVPWO7D32R06OR6,4,1446151701583,"{""phase"": ""INSTRUCTIONS"", ""indexOf"": 3, ""viewTime"": 2723, ""action"": ""PrevPage"", ""template"": ""instructions/instruct-4.html""}"
A1BIJGB7XA0GME:3ZSY5X72NYTCOF7IVPWO7D32R06OR6,5,1446151704544,"{""phase"": ""INSTRUCTIONS"", ""indexOf"": 2, ""viewTime"": 2961, ""action"": ""NextPage"", ""template"": ""instructions/instruct-3.html""}"
A1BIJGB7XA0GME:3ZSY5X72NYTCOF7IVPWO7D32R06OR6,6,1446151707988,"{""phase"": ""INSTRUCTIONS"", ""indexOf"": 3, ""viewTime"": 3444, ""action"": ""NextPage"", ""template"": ""instructions/instruct-4.html""}"
A1BIJGB7XA0GME:3ZSY5X72NYTCOF7IVPWO7D32R06OR6,7,1446151713974,"{""phase"": ""INSTRUCTIONS"", ""indexOf"": 4, ""viewTime"": 5986, ""action"": ""NextPage"", ""template"": ""instructions/instruct-5.html""}"
A1BIJGB7XA0GME:3ZSY5X72NYTCOF7IVPWO7D32R06OR6,8,1446151717510,"{""phase"": ""INSTRUCTIONS"", ""indexOf"": 5, ""viewTime"": 3536, ""action"": ""FinishInstructions"", ""template"": ""instructions/instruct-ready.html""}"
A1CLN0O9CKVYMO:3RYC5T2D74BU9FJJAP93WD8S155PRR,0,1446152681950,"{""phase"": ""INSTRUCTIONS"", ""templates"": [""instructions/instruct-1.html"", ""instructions/instruct-2.html"", ""instructions/instruct-3.html"", ""instructions/instruct-4.html"", ""instructions/instruct-5.html"", ""instructions/instruct-ready.html""], ""action"": ""Begin""}"
A1CLN0O9CKVYMO:3RYC5T2D74BU9FJJAP93WD8S155PRR,1,1446152685350,"{""phase"": ""INSTRUCTIONS"", ""indexOf"": 0, ""viewTime"": 3397, ""action"": ""NextPage"", ""template"": ""instructions/instruct-1.html""}"
A1CLN0O9CKVYMO:3RYC5T2D74BU9FJJAP93WD8S155PRR,2,1446152692768,"{""phase"": ""INSTRUCTIONS"", ""indexOf"": 1, ""viewTime"": 7415, ""action"": ""NextPage"", ""template"": ""instructions/instruct-2.html""}"
A1CLN0O9CKVYMO:3RYC5T2D74BU9FJJAP93WD8S155PRR,3,1446152701048,"{""phase"": ""INSTRUCTIONS"", ""indexOf"": 2, ""viewTime"": 8278, ""action"": ""NextPage"", ""template"": ""instructions/instruct-3.html""}"
A1CLN0O9CKVYMO:3RYC5T2D74BU9FJJAP93WD8S155PRR,4,1446152707688,"{""phase"": ""INSTRUCTIONS"", ""indexOf"": 3, ""viewTime"": 6638, ""action"": ""NextPage"", ""template"": ""instructions/instruct-4.html""}"
A1CLN0O9CKVYMO:3RYC5T2D74BU9FJJAP93WD8S155PRR,5,1446152720156,"{""phase"": ""INSTRUCTIONS"", ""indexOf"": 4, ""viewTime"": 12466, ""action"": ""NextPage"", ""template"": ""instructions/instruct-5.html""}"
A1CLN0O9CKVYMO:3RYC5T2D74BU9FJJAP93WD8S155PRR,6,1446152732807,"{""phase"": ""INSTRUCTIONS"", ""indexOf"": 5, ""viewTime"": 12649, ""action"": ""FinishInstructions"", ""template"": ""instructions/instruct-ready.html""}"
A1DY3EW6Q0B5K5:34S9DKFK74733VJS85O50KWU4DJNYV,0,1446153002522,"{""phase"": ""INSTRUCTIONS"", ""templates"": [""instructions/instruct-1.html"", ""instructions/instruct-2.html"", ""instructions/instruct-3.html"", ""instructions/instruct-4.html"", ""instructions/instruct-5.html"", ""instructions/instruct-ready.html""], ""action"": ""Begin""}"
A1DY3EW6Q0B5K5:34S9DKFK74733VJS85O50KWU4DJNYV,1,1446153004804,"{""phase"": ""INSTRUCTIONS"", ""indexOf"": 0, ""viewTime"": 2275, ""action"": ""NextPage"", ""template"": ""instructions/instruct-1.html""}"
A1DY3EW6Q0B5K5:34S9DKFK74733VJS85O50KWU4DJNYV,2,1446153006111,"{""phase"": ""INSTRUCTIONS"", ""indexOf"": 1, ""viewTime"": 1306, ""action"": ""NextPage"", ""template"": ""instructions/instruct-2.html""}"
A1DY3EW6Q0B5K5:34S9DKFK74733VJS85O50KWU4DJNYV,3,1446153009510,"{""phase"": ""INSTRUCTIONS"", ""indexOf"": 2, ""viewTime"": 3397, ""action"": ""NextPage"", ""template"": ""instructions/instruct-3.html""}"
A1DY3EW6Q0B5K5:34S9DKFK74733VJS85O50KWU4DJNYV,4,1446153019716,"{""phase"": ""INSTRUCTIONS"", ""indexOf"": 3, ""viewTime"": 10205, ""action"": ""NextPage"", ""template"": ""instructions/instruct-4.html""}"
A1DY3EW6Q0B5K5:34S9DKFK74733VJS85O50KWU4DJNYV,5,1446153024387,"{""phase"": ""INSTRUCTIONS"", ""indexOf"": 4, ""viewTime"": 4670, ""action"": ""NextPage"", ""template"": ""instructions/instruct-5.html""}"
A1DY3EW6Q0B5K5:34S9DKFK74733VJS85O50KWU4DJNYV,6,1446153026255,"{""phase"": ""INSTRUCTIONS"", ""indexOf"": 5, ""viewTime"": 1867, ""action"": ""FinishInstructions"", ""template"": ""instructions/instruct-ready.html""}"
A1EAEZ7VIHKQ2:3Z7EFSHGNAWVCMWREJTP1VV9332CXN,0,1446146181560,"{""phase"": ""INSTRUCTIONS"", ""templates"": [""instructions/instruct-1.html"", ""instructions/instruct-2.html"", ""instructions/instruct-3.html"", ""instructions/instruct-4.html"", ""instructions/instruct-5.html"", ""instructions/instruct-ready.html""], ""action"": ""Begin""}"
A1EAEZ7VIHKQ2:3Z7EFSHGNAWVCMWREJTP1VV9332CXN,1,1446146183909,"{""phase"": ""INSTRUCTIONS"", ""indexOf"": 0, ""viewTime"": 2345, ""action"": ""NextPage"", ""template"": ""instructions/instruct-1.html""}"
A1EAEZ7VIHKQ2:3Z7EFSHGNAWVCMWREJTP1VV9332CXN,2,1446146185917,"{""phase"": ""INSTRUCTIONS"", ""indexOf"": 1, ""viewTime"": 2006, ""action"": ""NextPage"", ""template"": ""instructions/instruct-2.html""}"
A1EAEZ7VIHKQ2:3Z7EFSHGNAWVCMWREJTP1VV9332CXN,3,1446146191170,"{""phase"": ""INSTRUCTIONS"", ""indexOf"": 2, ""viewTime"": 5251, ""action"": ""NextPage"", ""template"": ""instructions/instruct-3.html""}"
A1EAEZ7VIHKQ2:3Z7EFSHGNAWVCMWREJTP1VV9332CXN,4,1446146193055,"{""phase"": ""INSTRUCTIONS"", ""indexOf"": 3, ""viewTime"": 1883, ""action"": ""NextPage"", ""template"": ""instructions/instruct-4.html""}"
A1EAEZ7VIHKQ2:3Z7EFSHGNAWVCMWREJTP1VV9332CXN,5,1446146198665,"{""phase"": ""INSTRUCTIONS"", ""indexOf"": 4, ""viewTime"": 5608, ""action"": ""NextPage"", ""template"": ""instructions/instruct-5.html""}"
A1EAEZ7VIHKQ2:3Z7EFSHGNAWVCMWREJTP1VV9332CXN,6,1446146201787,"{""phase"": ""INSTRUCTIONS"", ""indexOf"": 5, ""viewTime"": 3121, ""action"": ""FinishInstructions"", ""template"": ""instructions/instruct-ready.html""}"
A1FLNAFLLO3UPK:3FDJT1UU75Q4T1O50QRSXVHXFD8K55,0,1446152239760,"{""phase"": ""INSTRUCTIONS"", ""templates"": [""instructions/instruct-1.html"", ""instructions/instruct-2.html"", ""instructions/instruct-3.html"", ""instructions/instruct-4.html"", ""instructions/instruct-5.html"", ""instructions/instruct-ready.html""], ""action"": ""Begin""}"
A1FLNAFLLO3UPK:3FDJT1UU75Q4T1O50QRSXVHXFD8K55,1,1446152241527,"{""phase"": ""INSTRUCTIONS"", ""indexOf"": 0, ""viewTime"": 1765, ""action"": ""NextPage"", ""template"": ""instructions/instruct-1.html""}"
A1FLNAFLLO3UPK:3FDJT1UU75Q4T1O50QRSXVHXFD8K55,2,1446152243449,"{""phase"": ""INSTRUCTIONS"", ""indexOf"": 1, ""viewTime"": 1919, ""action"": ""NextPage"", ""template"": ""instructions/instruct-2.html""}"
A1FLNAFLLO3UPK:3FDJT1UU75Q4T1O50QRSXVHXFD8K55,3,1446152246125,"{""phase"": ""INSTRUCTIONS"", ""indexOf"": 2, ""viewTime"": 2675, ""action"": ""NextPage"", ""template"": ""instructions/instruct-3.html""}"
A1FLNAFLLO3UPK:3FDJT1UU75Q4T1O50QRSXVHXFD8K55,4,1446152247681,"{""phase"": ""INSTRUCTIONS"", ""indexOf"": 3, ""viewTime"": 1555, ""action"": ""NextPage"", ""template"": ""instructions/instruct-4.html""}"
A1FLNAFLLO3UPK:3FDJT1UU75Q4T1O50QRSXVHXFD8K55,5,1446152250768,"{""phase"": ""INSTRUCTIONS"", ""indexOf"": 4, ""viewTime"": 3086, ""action"": ""NextPage"", ""template"": ""instructions/instruct-5.html""}"
A1FLNAFLLO3UPK:3FDJT1UU75Q4T1O50QRSXVHXFD8K55,6,1446152252105,"{""phase"": ""INSTRUCTIONS"", ""indexOf"": 5, ""viewTime"": 1336, ""action"": ""FinishInstructions"", ""template"": ""instructions/instruct-ready.html""}"
A1IZGLH8YSAOVF:3KGTPGBS6Y3QX0AUCLTW5BNJXUEU2A,0,1446150215210,"{""phase"": ""INSTRUCTIONS"", ""templates"": [""instructions/instruct-1.html"", ""instructions/instruct-2.html"", ""instructions/instruct-3.html"", ""instructions/instruct-4.html"", ""instructions/instruct-5.html"", ""instructions/instruct-ready.html""], ""action"": ""Begin""}"
A1IZGLH8YSAOVF:3KGTPGBS6Y3QX0AUCLTW5BNJXUEU2A,1,1446150308735,"{""phase"": ""INSTRUCTIONS"", ""indexOf"": 0, ""viewTime"": 93523, ""action"": ""NextPage"", ""template"": ""instructions/instruct-1.html""}"
A1IZGLH8YSAOVF:3KGTPGBS6Y3QX0AUCLTW5BNJXUEU2A,2,1446150311652,"{""phase"": ""INSTRUCTIONS"", ""indexOf"": 1, ""viewTime"": 2913, ""action"": ""NextPage"", ""template"": ""instructions/instruct-2.html""}"
A1IZGLH8YSAOVF:3KGTPGBS6Y3QX0AUCLTW5BNJXUEU2A,3,1446150318267,"{""phase"": ""INSTRUCTIONS"", ""indexOf"": 2, ""viewTime"": 6612, ""action"": ""NextPage"", ""template"": ""instructions/instruct-3.html""}"
A1IZGLH8YSAOVF:3KGTPGBS6Y3QX0AUCLTW5BNJXUEU2A,4,1446150320695,"{""phase"": ""INSTRUCTIONS"", ""indexOf"": 3, ""viewTime"": 2426, ""action"": ""PrevPage"", ""template"": ""instructions/instruct-4.html""}"
A1IZGLH8YSAOVF:3KGTPGBS6Y3QX0AUCLTW5BNJXUEU2A,5,1446150322698,"{""phase"": ""INSTRUCTIONS"", ""indexOf"": 2, ""viewTime"": 1999, ""action"": ""NextPage"", ""template"": ""instructions/instruct-3.html""}"
A1IZGLH8YSAOVF:3KGTPGBS6Y3QX0AUCLTW5BNJXUEU2A,6,1446150334621,"{""phase"": ""INSTRUCTIONS"", ""indexOf"": 3, ""viewTime"": 11919, ""action"": ""NextPage"", ""template"": ""instructions/instruct-4.html""}"
A1IZGLH8YSAOVF:3KGTPGBS6Y3QX0AUCLTW5BNJXUEU2A,7,1446150338762,"{""phase"": ""INSTRUCTIONS"", ""indexOf"": 4, ""viewTime"": 4139, ""action"": ""NextPage"", ""template"": ""instructions/instruct-5.html""}"
A1IZGLH8YSAOVF:3KGTPGBS6Y3QX0AUCLTW5BNJXUEU2A,8,1446150342085,"{""phase"": ""INSTRUCTIONS"", ""indexOf"": 5, ""viewTime"": 3319, ""action"": ""FinishInstructions"", ""template"": ""instructions/instruct-ready.html""}"
A1JDDBMSI4TBXN:3JAOYWH7VJMYEU8ZOGGAOBZEQ9W9LO,0,1446150859719,"{""phase"": ""INSTRUCTIONS"", ""templates"": [""instructions/instruct-1.html"", ""instructions/instruct-2.html"", ""instructions/instruct-3.html"", ""instructions/instruct-4.html"", ""instructions/instruct-5.html"", ""instructions/instruct-ready.html""], ""action"": ""Begin""}"
A1JDDBMSI4TBXN:3JAOYWH7VJMYEU8ZOGGAOBZEQ9W9LO,1,1446150863254,"{""phase"": ""INSTRUCTIONS"", ""indexOf"": 0, ""viewTime"": 3527, ""action"": ""NextPage"", ""template"": ""instructions/instruct-1.html""}"
A1JDDBMSI4TBXN:3JAOYWH7VJMYEU8ZOGGAOBZEQ9W9LO,2,1446150866400,"{""phase"": ""INSTRUCTIONS"", ""indexOf"": 1, ""viewTime"": 3142, ""action"": ""NextPage"", ""template"": ""instructions/instruct-2.html""}"
A1JDDBMSI4TBXN:3JAOYWH7VJMYEU8ZOGGAOBZEQ9W9LO,3,1446151025199,"{""phase"": ""INSTRUCTIONS"", ""indexOf"": 2, ""viewTime"": 158798, ""action"": ""NextPage"", ""template"": ""instructions/instruct-3.html""}"
A1JDDBMSI4TBXN:3JAOYWH7VJMYEU8ZOGGAOBZEQ9W9LO,4,1446151029519,"{""phase"": ""INSTRUCTIONS"", ""indexOf"": 3, ""viewTime"": 4317, ""action"": ""NextPage"", ""template"": ""instructions/instruct-4.html""}"
A1JDDBMSI4TBXN:3JAOYWH7VJMYEU8ZOGGAOBZEQ9W9LO,5,1446151036178,"{""phase"": ""INSTRUCTIONS"", ""indexOf"": 4, ""viewTime"": 6653, ""action"": ""NextPage"", ""template"": ""instructions/instruct-5.html""}"
A1JDDBMSI4TBXN:3JAOYWH7VJMYEU8ZOGGAOBZEQ9W9LO,6,1446151038696,"{""phase"": ""INSTRUCTIONS"", ""indexOf"": 5, ""viewTime"": 2516, ""action"": ""FinishInstructions"", ""template"": ""instructions/instruct-ready.html""}"
A1LRJ2MQD4AMES:336KAV9KYRA7E9UZMMQL8WTWTIQY2D,0,1446150845593,"{""phase"": ""INSTRUCTIONS"", ""templates"": [""instructions/instruct-1.html"", ""instructions/instruct-2.html"", ""instructions/instruct-3.html"", ""instructions/instruct-4.html"", ""instructions/instruct-5.html"", ""instructions/instruct-ready.html""], ""action"": ""Begin""}"
A1LRJ2MQD4AMES:336KAV9KYRA7E9UZMMQL8WTWTIQY2D,1,1446150857411,"{""phase"": ""INSTRUCTIONS"", ""indexOf"": 0, ""viewTime"": 11811, ""action"": ""NextPage"", ""template"": ""instructions/instruct-1.html""}"
A1LRJ2MQD4AMES:336KAV9KYRA7E9UZMMQL8WTWTIQY2D,2,1446150858728,"{""phase"": ""INSTRUCTIONS"", ""indexOf"": 1, ""viewTime"": 1310, ""action"": ""NextPage"", ""template"": ""instructions/instruct-2.html""}"
A1LRJ2MQD4AMES:336KAV9KYRA7E9UZMMQL8WTWTIQY2D,3,1446150863368,"{""phase"": ""INSTRUCTIONS"", ""indexOf"": 2, ""viewTime"": 4635, ""action"": ""NextPage"", ""template"": ""instructions/instruct-3.html""}"
A1LRJ2MQD4AMES:336KAV9KYRA7E9UZMMQL8WTWTIQY2D,4,1446150864831,"{""phase"": ""INSTRUCTIONS"", ""indexOf"": 3, ""viewTime"": 1458, ""action"": ""NextPage"", ""template"": ""instructions/instruct-4.html""}"
A1LRJ2MQD4AMES:336KAV9KYRA7E9UZMMQL8WTWTIQY2D,5,1446150869111,"{""phase"": ""INSTRUCTIONS"", ""indexOf"": 4, ""viewTime"": 4271, ""action"": ""NextPage"", ""template"": ""instructions/instruct-5.html""}"
A1LRJ2MQD4AMES:336KAV9KYRA7E9UZMMQL8WTWTIQY2D,6,1446150870487,"{""phase"": ""INSTRUCTIONS"", ""indexOf"": 5, ""viewTime"": 1371, ""action"": ""FinishInstructions"", ""template"": ""instructions/instruct-ready.html""}"
A1NGGAVIGC9O7V:3VE8AYVF8NFC0XFTXD7YT2ZJ97R8FS,0,1446150138815,"{""phase"": ""INSTRUCTIONS"", ""templates"": [""instructions/instruct-1.html"", ""instructions/instruct-2.html"", ""instructions/instruct-3.html"", ""instructions/instruct-4.html"", ""instructions/instruct-5.html"", ""instructions/instruct-ready.html""], ""action"": ""Begin""}"
A1NGGAVIGC9O7V:3VE8AYVF8NFC0XFTXD7YT2ZJ97R8FS,1,1446150140936,"{""phase"": ""INSTRUCTIONS"", ""indexOf"": 0, ""viewTime"": 2116, ""action"": ""NextPage"", ""template"": ""instructions/instruct-1.html""}"
A1NGGAVIGC9O7V:3VE8AYVF8NFC0XFTXD7YT2ZJ97R8FS,2,1446150142504,"{""phase"": ""INSTRUCTIONS"", ""indexOf"": 1, ""viewTime"": 1567, ""action"": ""NextPage"", ""template"": ""instructions/instruct-2.html""}"
A1NGGAVIGC9O7V:3VE8AYVF8NFC0XFTXD7YT2ZJ97R8FS,3,1446150145439,"{""phase"": ""INSTRUCTIONS"", ""indexOf"": 2, ""viewTime"": 2933, ""action"": ""NextPage"", ""template"": ""instructions/instruct-3.html""}"
A1NGGAVIGC9O7V:3VE8AYVF8NFC0XFTXD7YT2ZJ97R8FS,4,1446150147025,"{""phase"": ""INSTRUCTIONS"", ""indexOf"": 3, ""viewTime"": 1584, ""action"": ""NextPage"", ""template"": ""instructions/instruct-4.html""}"
A1NGGAVIGC9O7V:3VE8AYVF8NFC0XFTXD7YT2ZJ97R8FS,5,1446150152120,"{""phase"": ""INSTRUCTIONS"", ""indexOf"": 4, ""viewTime"": 5093, ""action"": ""NextPage"", ""template"": ""instructions/instruct-5.html""}"
A1NGGAVIGC9O7V:3VE8AYVF8NFC0XFTXD7YT2ZJ97R8FS,6,1446150154111,"{""phase"": ""INSTRUCTIONS"", ""indexOf"": 5, ""viewTime"": 1989, ""action"": ""FinishInstructions"", ""template"": ""instructions/instruct-ready.html""}"
A1PPGTZ7U838XJ:3N8OEVH1FS89R2F23XFKDIYXGDMOOX,0,1446153934556,"{""phase"": ""INSTRUCTIONS"", ""templates"": [""instructions/instruct-1.html"", ""instructions/instruct-2.html"", ""instructions/instruct-3.html"", ""instructions/instruct-4.html"", ""instructions/instruct-5.html"", ""instructions/instruct-ready.html""], ""action"": ""Begin""}"
A1PPGTZ7U838XJ:3N8OEVH1FS89R2F23XFKDIYXGDMOOX,1,1446153946731,"{""phase"": ""INSTRUCTIONS"", ""indexOf"": 0, ""viewTime"": 12175, ""action"": ""NextPage"", ""template"": ""instructions/instruct-1.html""}"
A1PPGTZ7U838XJ:3N8OEVH1FS89R2F23XFKDIYXGDMOOX,2,1446153955181,"{""phase"": ""INSTRUCTIONS"", ""indexOf"": 1, ""viewTime"": 8447, ""action"": ""NextPage"", ""template"": ""instructions/instruct-2.html""}"
A1PPGTZ7U838XJ:3N8OEVH1FS89R2F23XFKDIYXGDMOOX,3,1446153963103,"{""phase"": ""INSTRUCTIONS"", ""indexOf"": 2, ""viewTime"": 7921, ""action"": ""NextPage"", ""template"": ""instructions/instruct-3.html""}"
A1PPGTZ7U838XJ:3N8OEVH1FS89R2F23XFKDIYXGDMOOX,4,1446153966699,"{""phase"": ""INSTRUCTIONS"", ""indexOf"": 3, ""viewTime"": 3596, ""action"": ""NextPage"", ""template"": ""instructions/instruct-4.html""}"
A1PPGTZ7U838XJ:3N8OEVH1FS89R2F23XFKDIYXGDMOOX,5,1446153975438,"{""phase"": ""INSTRUCTIONS"", ""indexOf"": 4, ""viewTime"": 8737, ""action"": ""NextPage"", ""template"": ""instructions/instruct-5.html""}"
A1PPGTZ7U838XJ:3N8OEVH1FS89R2F23XFKDIYXGDMOOX,6,1446153979290,"{""phase"": ""INSTRUCTIONS"", ""indexOf"": 5, ""viewTime"": 3852, ""action"": ""FinishInstructions"", ""template"": ""instructions/instruct-ready.html""}"
A1QHJGHKDIG3T5:3HYA4D452S11EID4HWYXJBMGN7TF2Q,0,1446146050495,"{""phase"": ""INSTRUCTIONS"", ""templates"": [""instructions/instruct-1.html"", ""instructions/instruct-2.html"", ""instructions/instruct-3.html"", ""instructions/instruct-4.html"", ""instructions/instruct-5.html"", ""instructions/instruct-ready.html""], ""action"": ""Begin""}"
A1QHJGHKDIG3T5:3HYA4D452S11EID4HWYXJBMGN7TF2Q,1,1446146052552,"{""phase"": ""INSTRUCTIONS"", ""indexOf"": 0, ""viewTime"": 2051, ""action"": ""NextPage"", ""template"": ""instructions/instruct-1.html""}"
A1QHJGHKDIG3T5:3HYA4D452S11EID4HWYXJBMGN7TF2Q,2,1446146054504,"{""phase"": ""INSTRUCTIONS"", ""indexOf"": 1, ""viewTime"": 1952, ""action"": ""NextPage"", ""template"": ""instructions/instruct-2.html""}"
A1QHJGHKDIG3T5:3HYA4D452S11EID4HWYXJBMGN7TF2Q,3,1446146057384,"{""phase"": ""INSTRUCTIONS"", ""indexOf"": 2, ""viewTime"": 2879, ""action"": ""NextPage"", ""template"": ""instructions/instruct-3.html""}"
A1QHJGHKDIG3T5:3HYA4D452S11EID4HWYXJBMGN7TF2Q,4,1446146060289,"{""phase"": ""INSTRUCTIONS"", ""indexOf"": 3, ""viewTime"": 2904, ""action"": ""NextPage"", ""template"": ""instructions/instruct-4.html""}"
A1QHJGHKDIG3T5:3HYA4D452S11EID4HWYXJBMGN7TF2Q,5,1446146066457,"{""phase"": ""INSTRUCTIONS"", ""indexOf"": 4, ""viewTime"": 6166, ""action"": ""NextPage"", ""template"": ""instructions/instruct-5.html""}"
A1QHJGHKDIG3T5:3HYA4D452S11EID4HWYXJBMGN7TF2Q,6,1446146069298,"{""phase"": ""INSTRUCTIONS"", ""indexOf"": 5, ""viewTime"": 2840, ""action"": ""FinishInstructions"", ""template"": ""instructions/instruct-ready.html""}"
A1RTLF0OVZI4QT:3ZGVPD4G6UZ13YYH1NC0NQBOZP6TZQ,0,1446150107023,"{""phase"": ""INSTRUCTIONS"", ""templates"": [""instructions/instruct-1.html"", ""instructions/instruct-2.html"", ""instructions/instruct-3.html"", ""instructions/instruct-4.html"", ""instructions/instruct-5.html"", ""instructions/instruct-ready.html""], ""action"": ""Begin""}"
A1RTLF0OVZI4QT:3ZGVPD4G6UZ13YYH1NC0NQBOZP6TZQ,1,1446150108382,"{""phase"": ""INSTRUCTIONS"", ""indexOf"": 0, ""viewTime"": 1357, ""action"": ""NextPage"", ""template"": ""instructions/instruct-1.html""}"
A1RTLF0OVZI4QT:3ZGVPD4G6UZ13YYH1NC0NQBOZP6TZQ,2,1446150109678,"{""phase"": ""INSTRUCTIONS"", ""indexOf"": 1, ""viewTime"": 1294, ""action"": ""NextPage"", ""template"": ""instructions/instruct-2.html""}"
A1RTLF0OVZI4QT:3ZGVPD4G6UZ13YYH1NC0NQBOZP6TZQ,3,1446150111933,"{""phase"": ""INSTRUCTIONS"", ""indexOf"": 2, ""viewTime"": 2254, ""action"": ""NextPage"", ""template"": ""instructions/instruct-3.html""}"
A1RTLF0OVZI4QT:3ZGVPD4G6UZ13YYH1NC0NQBOZP6TZQ,4,1446150113838,"{""phase"": ""INSTRUCTIONS"", ""indexOf"": 3, ""viewTime"": 1904, ""action"": ""NextPage"", ""template"": ""instructions/instruct-4.html""}"
A1RTLF0OVZI4QT:3ZGVPD4G6UZ13YYH1NC0NQBOZP6TZQ,5,1446150117741,"{""phase"": ""INSTRUCTIONS"", ""indexOf"": 4, ""viewTime"": 3903, ""action"": ""NextPage"", ""template"": ""instructions/instruct-5.html""}"
A1RTLF0OVZI4QT:3ZGVPD4G6UZ13YYH1NC0NQBOZP6TZQ,6,1446150119351,"{""phase"": ""INSTRUCTIONS"", ""indexOf"": 5, ""viewTime"": 1609, ""action"": ""FinishInstructions"", ""template"": ""instructions/instruct-ready.html""}"
A1SF93Q67XF0NP:3KYQYYSHYWPIN5ODDO142OMYCZ9DOJ,0,1446146190070,"{""phase"": ""INSTRUCTIONS"", ""templates"": [""instructions/instruct-1.html"", ""instructions/instruct-2.html"", ""instructions/instruct-3.html"", ""instructions/instruct-4.html"", ""instructions/instruct-5.html"", ""instructions/instruct-ready.html""], ""action"": ""Begin""}"
A1SF93Q67XF0NP:3KYQYYSHYWPIN5ODDO142OMYCZ9DOJ,1,1446146192297,"{""phase"": ""INSTRUCTIONS"", ""indexOf"": 0, ""viewTime"": 2225, ""action"": ""NextPage"", ""template"": ""instructions/instruct-1.html""}"
A1SF93Q67XF0NP:3KYQYYSHYWPIN5ODDO142OMYCZ9DOJ,2,1446146206100,"{""phase"": ""INSTRUCTIONS"", ""indexOf"": 1, ""viewTime"": 13801, ""action"": ""NextPage"", ""template"": ""instructions/instruct-2.html""}"
A1SF93Q67XF0NP:3KYQYYSHYWPIN5ODDO142OMYCZ9DOJ,3,1446146210498,"{""phase"": ""INSTRUCTIONS"", ""indexOf"": 2, ""viewTime"": 4396, ""action"": ""NextPage"", ""template"": ""instructions/instruct-3.html""}"
A1SF93Q67XF0NP:3KYQYYSHYWPIN5ODDO142OMYCZ9DOJ,4,1446146212653,"{""phase"": ""INSTRUCTIONS"", ""indexOf"": 3, ""viewTime"": 2154, ""action"": ""NextPage"", ""template"": ""instructions/instruct-4.html""}"
A1SF93Q67XF0NP:3KYQYYSHYWPIN5ODDO142OMYCZ9DOJ,5,1446146217059,"{""phase"": ""INSTRUCTIONS"", ""indexOf"": 4, ""viewTime"": 4404, ""action"": ""NextPage"", ""template"": ""instructions/instruct-5.html""}"
A1SF93Q67XF0NP:3KYQYYSHYWPIN5ODDO142OMYCZ9DOJ,6,1446146220503,"{""phase"": ""INSTRUCTIONS"", ""indexOf"": 5, ""viewTime"": 3443, ""action"": ""FinishInstructions"", ""template"": ""instructions/instruct-ready.html""}"
A1T6EY2JB6S5ZZ:3Z7EFSHGNAWVCMWREJTP1VV9331CXM,0,1446145981577,"{""phase"": ""INSTRUCTIONS"", ""templates"": [""instructions/instruct-1.html"", ""instructions/instruct-2.html"", ""instructions/instruct-3.html"", ""instructions/instruct-4.html"", ""instructions/instruct-5.html"", ""instructions/instruct-ready.html""], ""action"": ""Begin""}"
A1T6EY2JB6S5ZZ:3Z7EFSHGNAWVCMWREJTP1VV9331CXM,1,1446145982688,"{""phase"": ""INSTRUCTIONS"", ""indexOf"": 0, ""viewTime"": 1109, ""action"": ""NextPage"", ""template"": ""instructions/instruct-1.html""}"
A1T6EY2JB6S5ZZ:3Z7EFSHGNAWVCMWREJTP1VV9331CXM,2,1446146015164,"{""phase"": ""INSTRUCTIONS"", ""indexOf"": 1, ""viewTime"": 32475, ""action"": ""NextPage"", ""template"": ""instructions/instruct-2.html""}"
A1T6EY2JB6S5ZZ:3Z7EFSHGNAWVCMWREJTP1VV9331CXM,3,1446146019237,"{""phase"": ""INSTRUCTIONS"", ""indexOf"": 2, ""viewTime"": 4073, ""action"": ""NextPage"", ""template"": ""instructions/instruct-3.html""}"
A1T6EY2JB6S5ZZ:3Z7EFSHGNAWVCMWREJTP1VV9331CXM,4,1446146020276,"{""phase"": ""INSTRUCTIONS"", ""indexOf"": 3, ""viewTime"": 1039, ""action"": ""NextPage"", ""template"": ""instructions/instruct-4.html""}"
A1T6EY2JB6S5ZZ:3Z7EFSHGNAWVCMWREJTP1VV9331CXM,5,1446146116752,"{""phase"": ""INSTRUCTIONS"", ""indexOf"": 4, ""viewTime"": 96475, ""action"": ""NextPage"", ""template"": ""instructions/instruct-5.html""}"
A1T6EY2JB6S5ZZ:3Z7EFSHGNAWVCMWREJTP1VV9331CXM,6,1446146118583,"{""phase"": ""INSTRUCTIONS"", ""indexOf"": 5, ""viewTime"": 1831, ""action"": ""FinishInstructions"", ""template"": ""instructions/instruct-ready.html""}"
A1T9IKE8GV4LR4:3Q5ZZ9ZEVPXKY0M4R1UP7Q86KDG589,0,1446154003475,"{""phase"": ""INSTRUCTIONS"", ""templates"": [""instructions/instruct-1.html"", ""instructions/instruct-2.html"", ""instructions/instruct-3.html"", ""instructions/instruct-4.html"", ""instructions/instruct-5.html"", ""instructions/instruct-ready.html""], ""action"": ""Begin""}"
A1T9IKE8GV4LR4:3Q5ZZ9ZEVPXKY0M4R1UP7Q86KDG589,1,1446154005412,"{""phase"": ""INSTRUCTIONS"", ""indexOf"": 0, ""viewTime"": 1935, ""action"": ""NextPage"", ""template"": ""instructions/instruct-1.html""}"
A1T9IKE8GV4LR4:3Q5ZZ9ZEVPXKY0M4R1UP7Q86KDG589,2,1446154006857,"{""phase"": ""INSTRUCTIONS"", ""indexOf"": 1, ""viewTime"": 1442, ""action"": ""NextPage"", ""template"": ""instructions/instruct-2.html""}"
A1T9IKE8GV4LR4:3Q5ZZ9ZEVPXKY0M4R1UP7Q86KDG589,3,1446154014895,"{""phase"": ""INSTRUCTIONS"", ""indexOf"": 2, ""viewTime"": 8037, ""action"": ""NextPage"", ""template"": ""instructions/instruct-3.html""}"
A1T9IKE8GV4LR4:3Q5ZZ9ZEVPXKY0M4R1UP7Q86KDG589,4,1446154019944,"{""phase"": ""INSTRUCTIONS"", ""indexOf"": 3, ""viewTime"": 5049, ""action"": ""NextPage"", ""template"": ""instructions/instruct-4.html""}"
A1T9IKE8GV4LR4:3Q5ZZ9ZEVPXKY0M4R1UP7Q86KDG589,5,1446154024251,"{""phase"": ""INSTRUCTIONS"", ""indexOf"": 4, ""viewTime"": 4305, ""action"": ""NextPage"", ""template"": ""instructions/instruct-5.html""}"
A1T9IKE8GV4LR4:3Q5ZZ9ZEVPXKY0M4R1UP7Q86KDG589,6,1446154025736,"{""phase"": ""INSTRUCTIONS"", ""indexOf"": 5, ""viewTime"": 1484, ""action"": ""FinishInstructions"", ""template"": ""instructions/instruct-ready.html""}"
A1U6A617Q95MTZ:3X4JMASXCNR45RYAX78NHX2GBBPB0S,0,1446152845157,"{""phase"": ""INSTRUCTIONS"", ""templates"": [""instructions/instruct-1.html"", ""instructions/instruct-2.html"", ""instructions/instruct-3.html"", ""instructions/instruct-4.html"", ""instructions/instruct-5.html"", ""instructions/instruct-ready.html""], ""action"": ""Begin""}"
A1U6A617Q95MTZ:3X4JMASXCNR45RYAX78NHX2GBBPB0S,1,1446152848007,"{""phase"": ""INSTRUCTIONS"", ""indexOf"": 0, ""viewTime"": 2845, ""action"": ""NextPage"", ""template"": ""instructions/instruct-1.html""}"
A1U6A617Q95MTZ:3X4JMASXCNR45RYAX78NHX2GBBPB0S,2,1446152851455,"{""phase"": ""INSTRUCTIONS"", ""indexOf"": 1, ""viewTime"": 3444, ""action"": ""NextPage"", ""template"": ""instructions/instruct-2.html""}"
A1U6A617Q95MTZ:3X4JMASXCNR45RYAX78NHX2GBBPB0S,3,1446152853934,"{""phase"": ""INSTRUCTIONS"", ""indexOf"": 2, ""viewTime"": 2476, ""action"": ""NextPage"", ""template"": ""instructions/instruct-3.html""}"
A1U6A617Q95MTZ:3X4JMASXCNR45RYAX78NHX2GBBPB0S,4,1446152856172,"{""phase"": ""INSTRUCTIONS"", ""indexOf"": 3, ""viewTime"": 2236, ""action"": ""NextPage"", ""template"": ""instructions/instruct-4.html""}"
A1U6A617Q95MTZ:3X4JMASXCNR45RYAX78NHX2GBBPB0S,5,1446152860686,"{""phase"": ""INSTRUCTIONS"", ""indexOf"": 4, ""viewTime"": 4511, ""action"": ""NextPage"", ""template"": ""instructions/instruct-5.html""}"
A1U6A617Q95MTZ:3X4JMASXCNR45RYAX78NHX2GBBPB0S,6,1446152863478,"{""phase"": ""INSTRUCTIONS"", ""indexOf"": 5, ""viewTime"": 2789, ""action"": ""FinishInstructions"", ""template"": ""instructions/instruct-ready.html""}"
A1VCAMP3XM62R4:3FE2ERCCZYQRC2R3IXSZ2I3NQIIOPE,0,1446149916172,"{""phase"": ""INSTRUCTIONS"", ""templates"": [""instructions/instruct-1.html"", ""instructions/instruct-2.html"", ""instructions/instruct-3.html"", ""instructions/instruct-4.html"", ""instructions/instruct-5.html"", ""instructions/instruct-ready.html""], ""action"": ""Begin""}"
A1VCAMP3XM62R4:3FE2ERCCZYQRC2R3IXSZ2I3NQIIOPE,1,1446149917561,"{""phase"": ""INSTRUCTIONS"", ""indexOf"": 0, ""viewTime"": 1387, ""action"": ""NextPage"", ""template"": ""instructions/instruct-1.html""}"
A1VCAMP3XM62R4:3FE2ERCCZYQRC2R3IXSZ2I3NQIIOPE,2,1446149919014,"{""phase"": ""INSTRUCTIONS"", ""indexOf"": 1, ""viewTime"": 1452, ""action"": ""NextPage"", ""template"": ""instructions/instruct-2.html""}"
A1VCAMP3XM62R4:3FE2ERCCZYQRC2R3IXSZ2I3NQIIOPE,3,1446149924357,"{""phase"": ""INSTRUCTIONS"", ""indexOf"": 2, ""viewTime"": 5342, ""action"": ""NextPage"", ""template"": ""instructions/instruct-3.html""}"
A1VCAMP3XM62R4:3FE2ERCCZYQRC2R3IXSZ2I3NQIIOPE,4,1446149926785,"{""phase"": ""INSTRUCTIONS"", ""indexOf"": 3, ""viewTime"": 2427, ""action"": ""NextPage"", ""template"": ""instructions/instruct-4.html""}"
A1VCAMP3XM62R4:3FE2ERCCZYQRC2R3IXSZ2I3NQIIOPE,5,1446149991386,"{""phase"": ""INSTRUCTIONS"", ""indexOf"": 4, ""viewTime"": 64600, ""action"": ""NextPage"", ""template"": ""instructions/instruct-5.html""}"
A1VCAMP3XM62R4:3FE2ERCCZYQRC2R3IXSZ2I3NQIIOPE,6,1446149993301,"{""phase"": ""INSTRUCTIONS"", ""indexOf"": 5, ""viewTime"": 1913, ""action"": ""FinishInstructions"", ""template"": ""instructions/instruct-ready.html""}"
A22MNN3ZTBSAY3:33LKR6A5KF2482D9TC38VWRCMAVT13,0,1446152209671,"{""phase"": ""INSTRUCTIONS"", ""templates"": [""instructions/instruct-1.html"", ""instructions/instruct-2.html"", ""instructions/instruct-3.html"", ""instructions/instruct-4.html"", ""instructions/instruct-5.html"", ""instructions/instruct-ready.html""], ""action"": ""Begin""}"
A22MNN3ZTBSAY3:33LKR6A5KF2482D9TC38VWRCMAVT13,1,1446152211904,"{""phase"": ""INSTRUCTIONS"", ""indexOf"": 0, ""viewTime"": 2226, ""action"": ""NextPage"", ""template"": ""instructions/instruct-1.html""}"
A22MNN3ZTBSAY3:33LKR6A5KF2482D9TC38VWRCMAVT13,2,1446152214537,"{""phase"": ""INSTRUCTIONS"", ""indexOf"": 1, ""viewTime"": 2628, ""action"": ""NextPage"", ""template"": ""instructions/instruct-2.html""}"
A22MNN3ZTBSAY3:33LKR6A5KF2482D9TC38VWRCMAVT13,3,1446152218656,"{""phase"": ""INSTRUCTIONS"", ""indexOf"": 2, ""viewTime"": 4113, ""action"": ""NextPage"", ""template"": ""instructions/instruct-3.html""}"
A22MNN3ZTBSAY3:33LKR6A5KF2482D9TC38VWRCMAVT13,4,1446152226196,"{""phase"": ""INSTRUCTIONS"", ""indexOf"": 3, ""viewTime"": 7536, ""action"": ""NextPage"", ""template"": ""instructions/instruct-4.html""}"
A22MNN3ZTBSAY3:33LKR6A5KF2482D9TC38VWRCMAVT13,5,1446152232219,"{""phase"": ""INSTRUCTIONS"", ""indexOf"": 4, ""viewTime"": 6013, ""action"": ""NextPage"", ""template"": ""instructions/instruct-5.html""}"
A22MNN3ZTBSAY3:33LKR6A5KF2482D9TC38VWRCMAVT13,6,1446152235040,"{""phase"": ""INSTRUCTIONS"", ""indexOf"": 5, ""viewTime"": 2814, ""action"": ""FinishInstructions"", ""template"": ""instructions/instruct-ready.html""}"
A2602OOFDKNFS8:3B2X28YI3XXZJ2KPZWO4QYC7OEBB6T,0,1446152081467,"{""phase"": ""INSTRUCTIONS"", ""templates"": [""instructions/instruct-1.html"", ""instructions/instruct-2.html"", ""instructions/instruct-3.html"", ""instructions/instruct-4.html"", ""instructions/instruct-5.html"", ""instructions/instruct-ready.html""], ""action"": ""Begin""}"
A2602OOFDKNFS8:3B2X28YI3XXZJ2KPZWO4QYC7OEBB6T,1,1446152083396,"{""phase"": ""INSTRUCTIONS"", ""indexOf"": 0, ""viewTime"": 1928, ""action"": ""NextPage"", ""template"": ""instructions/instruct-1.html""}"
A2602OOFDKNFS8:3B2X28YI3XXZJ2KPZWO4QYC7OEBB6T,2,1446152084774,"{""phase"": ""INSTRUCTIONS"", ""indexOf"": 1, ""viewTime"": 1377, ""action"": ""NextPage"", ""template"": ""instructions/instruct-2.html""}"
A2602OOFDKNFS8:3B2X28YI3XXZJ2KPZWO4QYC7OEBB6T,3,1446152086071,"{""phase"": ""INSTRUCTIONS"", ""indexOf"": 2, ""viewTime"": 1296, ""action"": ""NextPage"", ""template"": ""instructions/instruct-3.html""}"
A2602OOFDKNFS8:3B2X28YI3XXZJ2KPZWO4QYC7OEBB6T,4,1446152087081,"{""phase"": ""INSTRUCTIONS"", ""indexOf"": 3, ""viewTime"": 1009, ""action"": ""NextPage"", ""template"": ""instructions/instruct-4.html""}"
A2602OOFDKNFS8:3B2X28YI3XXZJ2KPZWO4QYC7OEBB6T,5,1446152091832,"{""phase"": ""INSTRUCTIONS"", ""indexOf"": 4, ""viewTime"": 4750, ""action"": ""NextPage"", ""template"": ""instructions/instruct-5.html""}"
A2602OOFDKNFS8:3B2X28YI3XXZJ2KPZWO4QYC7OEBB6T,6,1446152093150,"{""phase"": ""INSTRUCTIONS"", ""indexOf"": 5, ""viewTime"": 1317, ""action"": ""FinishInstructions"", ""template"": ""instructions/instruct-ready.html""}"
A289D98Z4GAZ28:3ERET4BTVNRNUOQH3G499BMZ19R9KL,0,1446150320907,"{""phase"": ""INSTRUCTIONS"", ""templates"": [""instructions/instruct-1.html"", ""instructions/instruct-2.html"", ""instructions/instruct-3.html"", ""instructions/instruct-4.html"", ""instructions/instruct-5.html"", ""instructions/instruct-ready.html""], ""action"": ""Begin""}"
A289D98Z4GAZ28:3ERET4BTVNRNUOQH3G499BMZ19R9KL,1,1446150327576,"{""phase"": ""INSTRUCTIONS"", ""indexOf"": 0, ""viewTime"": 6669, ""action"": ""NextPage"", ""template"": ""instructions/instruct-1.html""}"
A289D98Z4GAZ28:3ERET4BTVNRNUOQH3G499BMZ19R9KL,2,1446150335806,"{""phase"": ""INSTRUCTIONS"", ""indexOf"": 1, ""viewTime"": 8214, ""action"": ""NextPage"", ""template"": ""instructions/instruct-2.html""}"
A289D98Z4GAZ28:3ERET4BTVNRNUOQH3G499BMZ19R9KL,3,1446150355374,"{""phase"": ""INSTRUCTIONS"", ""indexOf"": 2, ""viewTime"": 19568, ""action"": ""NextPage"", ""template"": ""instructions/instruct-3.html""}"
A289D98Z4GAZ28:3ERET4BTVNRNUOQH3G499BMZ19R9KL,4,1446150370909,"{""phase"": ""INSTRUCTIONS"", ""indexOf"": 3, ""viewTime"": 15535, ""action"": ""NextPage"", ""template"": ""instructions/instruct-4.html""}"
A289D98Z4GAZ28:3ERET4BTVNRNUOQH3G499BMZ19R9KL,5,1446150397572,"{""phase"": ""INSTRUCTIONS"", ""indexOf"": 4, ""viewTime"": 26663, ""action"": ""NextPage"", ""template"": ""instructions/instruct-5.html""}"
A289D98Z4GAZ28:3ERET4BTVNRNUOQH3G499BMZ19R9KL,6,1446150402855,"{""phase"": ""INSTRUCTIONS"", ""indexOf"": 5, ""viewTime"": 5283, ""action"": ""FinishInstructions"", ""template"": ""instructions/instruct-ready.html""}"
A2BWRGOY975VVV:3X1FV8S5JY9GP971GQOQ31J3LKUVGL,0,1446152656146,"{""phase"": ""INSTRUCTIONS"", ""templates"": [""instructions/instruct-1.html"", ""instructions/instruct-2.html"", ""instructions/instruct-3.html"", ""instructions/instruct-4.html"", ""instructions/instruct-5.html"", ""instructions/instruct-ready.html""], ""action"": ""Begin""}"
A2BWRGOY975VVV:3X1FV8S5JY9GP971GQOQ31J3LKUVGL,1,1446152658624,"{""phase"": ""INSTRUCTIONS"", ""indexOf"": 0, ""viewTime"": 2462, ""action"": ""NextPage"", ""template"": ""instructions/instruct-1.html""}"
A2BWRGOY975VVV:3X1FV8S5JY9GP971GQOQ31J3LKUVGL,2,1446152660680,"{""phase"": ""INSTRUCTIONS"", ""indexOf"": 1, ""viewTime"": 2052, ""action"": ""NextPage"", ""template"": ""instructions/instruct-2.html""}"
A2BWRGOY975VVV:3X1FV8S5JY9GP971GQOQ31J3LKUVGL,3,1446152664355,"{""phase"": ""INSTRUCTIONS"", ""indexOf"": 2, ""viewTime"": 3671, ""action"": ""NextPage"", ""template"": ""instructions/instruct-3.html""}"
A2BWRGOY975VVV:3X1FV8S5JY9GP971GQOQ31J3LKUVGL,4,1446152668063,"{""phase"": ""INSTRUCTIONS"", ""indexOf"": 3, ""viewTime"": 3704, ""action"": ""NextPage"", ""template"": ""instructions/instruct-4.html""}"
A2BWRGOY975VVV:3X1FV8S5JY9GP971GQOQ31J3LKUVGL,5,1446152680115,"{""phase"": ""INSTRUCTIONS"", ""indexOf"": 4, ""viewTime"": 12048, ""action"": ""NextPage"", ""template"": ""instructions/instruct-5.html""}"
A2BWRGOY975VVV:3X1FV8S5JY9GP971GQOQ31J3LKUVGL,6,1446152684226,"{""phase"": ""INSTRUCTIONS"", ""indexOf"": 5, ""viewTime"": 4103, ""action"": ""FinishInstructions"", ""template"": ""instructions/instruct-ready.html""}"
A2C39KTRMOM1XZ:34PGFRQONPT3V0X7E6EPMGUXKLDJWN,0,1446153287427,"{""phase"": ""INSTRUCTIONS"", ""templates"": [""instructions/instruct-1.html"", ""instructions/instruct-2.html"", ""instructions/instruct-3.html"", ""instructions/instruct-4.html"", ""instructions/instruct-5.html"", ""instructions/instruct-ready.html""], ""action"": ""Begin""}"
A2C39KTRMOM1XZ:34PGFRQONPT3V0X7E6EPMGUXKLDJWN,1,1446153289331,"{""phase"": ""INSTRUCTIONS"", ""indexOf"": 0, ""viewTime"": 1902, ""action"": ""NextPage"", ""template"": ""instructions/instruct-1.html""}"
A2C39KTRMOM1XZ:34PGFRQONPT3V0X7E6EPMGUXKLDJWN,2,1446153292377,"{""phase"": ""INSTRUCTIONS"", ""indexOf"": 1, ""viewTime"": 3045, ""action"": ""NextPage"", ""template"": ""instructions/instruct-2.html""}"
A2C39KTRMOM1XZ:34PGFRQONPT3V0X7E6EPMGUXKLDJWN,3,1446153296045,"{""phase"": ""INSTRUCTIONS"", ""indexOf"": 2, ""viewTime"": 3668, ""action"": ""NextPage"", ""template"": ""instructions/instruct-3.html""}"
A2C39KTRMOM1XZ:34PGFRQONPT3V0X7E6EPMGUXKLDJWN,4,1446153299064,"{""phase"": ""INSTRUCTIONS"", ""indexOf"": 3, ""viewTime"": 3018, ""action"": ""NextPage"", ""template"": ""instructions/instruct-4.html""}"
A2C39KTRMOM1XZ:34PGFRQONPT3V0X7E6EPMGUXKLDJWN,5,1446153305207,"{""phase"": ""INSTRUCTIONS"", ""indexOf"": 4, ""viewTime"": 6143, ""action"": ""NextPage"", ""template"": ""instructions/instruct-5.html""}"
A2C39KTRMOM1XZ:34PGFRQONPT3V0X7E6EPMGUXKLDJWN,6,1446153308699,"{""phase"": ""INSTRUCTIONS"", ""indexOf"": 5, ""viewTime"": 3491, ""action"": ""FinishInstructions"", ""template"": ""instructions/instruct-ready.html""}"
A2D8W810N4Y8XY:3U4J9857OFTIN2YUI6TWWCC3JPVB7S,0,1446152011709,"{""phase"": ""INSTRUCTIONS"", ""templates"": [""instructions/instruct-1.html"", ""instructions/instruct-2.html"", ""instructions/instruct-3.html"", ""instructions/instruct-4.html"", ""instructions/instruct-5.html"", ""instructions/instruct-ready.html""], ""action"": ""Begin""}"
A2D8W810N4Y8XY:3U4J9857OFTIN2YUI6TWWCC3JPVB7S,1,1446152016381,"{""phase"": ""INSTRUCTIONS"", ""indexOf"": 0, ""viewTime"": 4672, ""action"": ""NextPage"", ""template"": ""instructions/instruct-1.html""}"
A2D8W810N4Y8XY:3U4J9857OFTIN2YUI6TWWCC3JPVB7S,2,1446152022421,"{""phase"": ""INSTRUCTIONS"", ""indexOf"": 1, ""viewTime"": 6040, ""action"": ""NextPage"", ""template"": ""instructions/instruct-2.html""}"
A2D8W810N4Y8XY:3U4J9857OFTIN2YUI6TWWCC3JPVB7S,3,1446152029278,"{""phase"": ""INSTRUCTIONS"", ""indexOf"": 2, ""viewTime"": 6857, ""action"": ""NextPage"", ""template"": ""instructions/instruct-3.html""}"
A2D8W810N4Y8XY:3U4J9857OFTIN2YUI6TWWCC3JPVB7S,4,1446152033329,"{""phase"": ""INSTRUCTIONS"", ""indexOf"": 3, ""viewTime"": 4051, ""action"": ""NextPage"", ""template"": ""instructions/instruct-4.html""}"
A2D8W810N4Y8XY:3U4J9857OFTIN2YUI6TWWCC3JPVB7S,5,1446152044556,"{""phase"": ""INSTRUCTIONS"", ""indexOf"": 4, ""viewTime"": 11227, ""action"": ""NextPage"", ""template"": ""instructions/instruct-5.html""}"
A2D8W810N4Y8XY:3U4J9857OFTIN2YUI6TWWCC3JPVB7S,6,1446152057371,"{""phase"": ""INSTRUCTIONS"", ""indexOf"": 5, ""viewTime"": 12815, ""action"": ""FinishInstructions"", ""template"": ""instructions/instruct-ready.html""}"
A2DPKKEEW2I6QK:3NVC2EB65RHWZRQIQM4QR6YOZVZ3Y0,0,1446140988558,"{""phase"": ""INSTRUCTIONS"", ""templates"": [""instructions/instruct-1.html"", ""instructions/instruct-2.html"", ""instructions/instruct-3.html"", ""instructions/instruct-4.html"", ""instructions/instruct-5.html"", ""instructions/instruct-ready.html""], ""action"": ""Begin""}"
A2DPKKEEW2I6QK:3NVC2EB65RHWZRQIQM4QR6YOZVZ3Y0,1,1446140989987,"{""phase"": ""INSTRUCTIONS"", ""indexOf"": 0, ""viewTime"": 1426, ""action"": ""NextPage"", ""template"": ""instructions/instruct-1.html""}"
A2DPKKEEW2I6QK:3NVC2EB65RHWZRQIQM4QR6YOZVZ3Y0,2,1446140991079,"{""phase"": ""INSTRUCTIONS"", ""indexOf"": 1, ""viewTime"": 1091, ""action"": ""NextPage"", ""template"": ""instructions/instruct-2.html""}"
A2DPKKEEW2I6QK:3NVC2EB65RHWZRQIQM4QR6YOZVZ3Y0,3,1446140991468,"{""phase"": ""INSTRUCTIONS"", ""indexOf"": 2, ""viewTime"": 388, ""action"": ""NextPage"", ""template"": ""instructions/instruct-3.html""}"
A2DPKKEEW2I6QK:3NVC2EB65RHWZRQIQM4QR6YOZVZ3Y0,4,1446140991892,"{""phase"": ""INSTRUCTIONS"", ""indexOf"": 3, ""viewTime"": 423, ""action"": ""NextPage"", ""template"": ""instructions/instruct-4.html""}"
A2DPKKEEW2I6QK:3NVC2EB65RHWZRQIQM4QR6YOZVZ3Y0,5,1446140994478,"{""phase"": ""INSTRUCTIONS"", ""indexOf"": 4, ""viewTime"": 2585, ""action"": ""NextPage"", ""template"": ""instructions/instruct-5.html""}"
A2DPKKEEW2I6QK:3NVC2EB65RHWZRQIQM4QR6YOZVZ3Y0,6,1446140995248,"{""phase"": ""INSTRUCTIONS"", ""indexOf"": 5, ""viewTime"": 769, ""action"": ""FinishInstructions"", ""template"": ""instructions/instruct-ready.html""}"
A2DXEPC4QFV4R1:3JMSRU9HQJCI5VBAAVY23YYR846VEV,0,1446146155549,"{""phase"": ""INSTRUCTIONS"", ""templates"": [""instructions/instruct-1.html"", ""instructions/instruct-2.html"", ""instructions/instruct-3.html"", ""instructions/instruct-4.html"", ""instructions/instruct-5.html"", ""instructions/instruct-ready.html""], ""action"": ""Begin""}"
A2DXEPC4QFV4R1:3JMSRU9HQJCI5VBAAVY23YYR846VEV,1,1446146157150,"{""phase"": ""INSTRUCTIONS"", ""indexOf"": 0, ""viewTime"": 1595, ""action"": ""NextPage"", ""template"": ""instructions/instruct-1.html""}"
A2DXEPC4QFV4R1:3JMSRU9HQJCI5VBAAVY23YYR846VEV,2,1446146158721,"{""phase"": ""INSTRUCTIONS"", ""indexOf"": 1, ""viewTime"": 1563, ""action"": ""NextPage"", ""template"": ""instructions/instruct-2.html""}"
A2DXEPC4QFV4R1:3JMSRU9HQJCI5VBAAVY23YYR846VEV,3,1446146297753,"{""phase"": ""INSTRUCTIONS"", ""indexOf"": 2, ""viewTime"": 139022, ""action"": ""NextPage"", ""template"": ""instructions/instruct-3.html""}"
A2DXEPC4QFV4R1:3JMSRU9HQJCI5VBAAVY23YYR846VEV,4,1446146388667,"{""phase"": ""INSTRUCTIONS"", ""indexOf"": 3, ""viewTime"": 90902, ""action"": ""NextPage"", ""template"": ""instructions/instruct-4.html""}"
A2DXEPC4QFV4R1:3JMSRU9HQJCI5VBAAVY23YYR846VEV,5,1446146394496,"{""phase"": ""INSTRUCTIONS"", ""indexOf"": 4, ""viewTime"": 5820, ""action"": ""NextPage"", ""template"": ""instructions/instruct-5.html""}"
A2DXEPC4QFV4R1:3JMSRU9HQJCI5VBAAVY23YYR846VEV,6,1446146395979,"{""phase"": ""INSTRUCTIONS"", ""indexOf"": 5, ""viewTime"": 1477, ""action"": ""FinishInstructions"", ""template"": ""instructions/instruct-ready.html""}"
A2H5V1V8QIY8Y7:39O5D9O87UAJWOPDUUM1UF65W88C3U,0,1446150614992,"{""phase"": ""INSTRUCTIONS"", ""templates"": [""instructions/instruct-1.html"", ""instructions/instruct-2.html"", ""instructions/instruct-3.html"", ""instructions/instruct-4.html"", ""instructions/instruct-5.html"", ""instructions/instruct-ready.html""], ""action"": ""Begin""}"
A2H5V1V8QIY8Y7:39O5D9O87UAJWOPDUUM1UF65W88C3U,1,1446150617422,"{""phase"": ""INSTRUCTIONS"", ""indexOf"": 0, ""viewTime"": 2425, ""action"": ""NextPage"", ""template"": ""instructions/instruct-1.html""}"
A2H5V1V8QIY8Y7:39O5D9O87UAJWOPDUUM1UF65W88C3U,2,1446150620063,"{""phase"": ""INSTRUCTIONS"", ""indexOf"": 1, ""viewTime"": 2638, ""action"": ""NextPage"", ""template"": ""instructions/instruct-2.html""}"
A2H5V1V8QIY8Y7:39O5D9O87UAJWOPDUUM1UF65W88C3U,3,1446150623487,"{""phase"": ""INSTRUCTIONS"", ""indexOf"": 2, ""viewTime"": 3421, ""action"": ""NextPage"", ""template"": ""instructions/instruct-3.html""}"
A2H5V1V8QIY8Y7:39O5D9O87UAJWOPDUUM1UF65W88C3U,4,1446150625669,"{""phase"": ""INSTRUCTIONS"", ""indexOf"": 3, ""viewTime"": 2180, ""action"": ""NextPage"", ""template"": ""instructions/instruct-4.html""}"
A2H5V1V8QIY8Y7:39O5D9O87UAJWOPDUUM1UF65W88C3U,5,1446150631290,"{""phase"": ""INSTRUCTIONS"", ""indexOf"": 4, ""viewTime"": 5618, ""action"": ""NextPage"", ""template"": ""instructions/instruct-5.html""}"
A2H5V1V8QIY8Y7:39O5D9O87UAJWOPDUUM1UF65W88C3U,6,1446150635314,"{""phase"": ""INSTRUCTIONS"", ""indexOf"": 5, ""viewTime"": 4022, ""action"": ""FinishInstructions"", ""template"": ""instructions/instruct-ready.html""}"
A2IXBTOWQRCLPZ:3OJSZ2ATDTEGYMHLHW2JTQCB9TA75O,0,1446152821058,"{""phase"": ""INSTRUCTIONS"", ""templates"": [""instructions/instruct-1.html"", ""instructions/instruct-2.html"", ""instructions/instruct-3.html"", ""instructions/instruct-4.html"", ""instructions/instruct-5.html"", ""instructions/instruct-ready.html""], ""action"": ""Begin""}"
A2IXBTOWQRCLPZ:3OJSZ2ATDTEGYMHLHW2JTQCB9TA75O,1,1446152823543,"{""phase"": ""INSTRUCTIONS"", ""indexOf"": 0, ""viewTime"": 2485, ""action"": ""NextPage"", ""template"": ""instructions/instruct-1.html""}"
A2IXBTOWQRCLPZ:3OJSZ2ATDTEGYMHLHW2JTQCB9TA75O,2,1446152826171,"{""phase"": ""INSTRUCTIONS"", ""indexOf"": 1, ""viewTime"": 2624, ""action"": ""NextPage"", ""template"": ""instructions/instruct-2.html""}"
A2IXBTOWQRCLPZ:3OJSZ2ATDTEGYMHLHW2JTQCB9TA75O,3,1446152829609,"{""phase"": ""INSTRUCTIONS"", ""indexOf"": 2, ""viewTime"": 3434, ""action"": ""NextPage"", ""template"": ""instructions/instruct-3.html""}"
A2IXBTOWQRCLPZ:3OJSZ2ATDTEGYMHLHW2JTQCB9TA75O,4,1446152832017,"{""phase"": ""INSTRUCTIONS"", ""indexOf"": 3, ""viewTime"": 2408, ""action"": ""NextPage"", ""template"": ""instructions/instruct-4.html""}"
A2IXBTOWQRCLPZ:3OJSZ2ATDTEGYMHLHW2JTQCB9TA75O,5,1446152863301,"{""phase"": ""INSTRUCTIONS"", ""indexOf"": 4, ""viewTime"": 31284, ""action"": ""NextPage"", ""template"": ""instructions/instruct-5.html""}"
A2IXBTOWQRCLPZ:3OJSZ2ATDTEGYMHLHW2JTQCB9TA75O,6,1446152865811,"{""phase"": ""INSTRUCTIONS"", ""indexOf"": 5, ""viewTime"": 2506, ""action"": ""FinishInstructions"", ""template"": ""instructions/instruct-ready.html""}"
A2KOX4A405QOVM:3MAOD8E57RSE3QTI3923H6PL26UXN2,0,1446139115876,"{""phase"": ""INSTRUCTIONS"", ""templates"": [""instructions/instruct-1.html"", ""instructions/instruct-2.html"", ""instructions/instruct-3.html"", ""instructions/instruct-4.html"", ""instructions/instruct-5.html"", ""instructions/instruct-ready.html""], ""action"": ""Begin""}"
A2KOX4A405QOVM:3MAOD8E57RSE3QTI3923H6PL26UXN2,1,1446139117323,"{""phase"": ""INSTRUCTIONS"", ""indexOf"": 0, ""viewTime"": 1445, ""action"": ""NextPage"", ""template"": ""instructions/instruct-1.html""}"
A2KOX4A405QOVM:3MAOD8E57RSE3QTI3923H6PL26UXN2,2,1446139126838,"{""phase"": ""INSTRUCTIONS"", ""indexOf"": 1, ""viewTime"": 9514, ""action"": ""NextPage"", ""template"": ""instructions/instruct-2.html""}"
A2KOX4A405QOVM:3MAOD8E57RSE3QTI3923H6PL26UXN2,3,1446139129498,"{""phase"": ""INSTRUCTIONS"", ""indexOf"": 2, ""viewTime"": 2659, ""action"": ""NextPage"", ""template"": ""instructions/instruct-3.html""}"
A2KOX4A405QOVM:3MAOD8E57RSE3QTI3923H6PL26UXN2,4,1446139131122,"{""phase"": ""INSTRUCTIONS"", ""indexOf"": 3, ""viewTime"": 1622, ""action"": ""NextPage"", ""template"": ""instructions/instruct-4.html""}"
A2KOX4A405QOVM:3MAOD8E57RSE3QTI3923H6PL26UXN2,5,1446139135378,"{""phase"": ""INSTRUCTIONS"", ""indexOf"": 4, ""viewTime"": 4254, ""action"": ""NextPage"", ""template"": ""instructions/instruct-5.html""}"
A2KOX4A405QOVM:3MAOD8E57RSE3QTI3923H6PL26UXN2,6,1446139137106,"{""phase"": ""INSTRUCTIONS"", ""indexOf"": 5, ""viewTime"": 1727, ""action"": ""FinishInstructions"", ""template"": ""instructions/instruct-ready.html""}"
A2LHYSTN440VXD:38BQUHLA9XILRZUQQH07LE9SLD1MOA,0,1446146046360,"{""phase"": ""INSTRUCTIONS"", ""templates"": [""instructions/instruct-1.html"", ""instructions/instruct-2.html"", ""instructions/instruct-3.html"", ""instructions/instruct-4.html"", ""instructions/instruct-5.html"", ""instructions/instruct-ready.html""], ""action"": ""Begin""}"
A2LHYSTN440VXD:38BQUHLA9XILRZUQQH07LE9SLD1MOA,1,1446146048035,"{""phase"": ""INSTRUCTIONS"", ""indexOf"": 0, ""viewTime"": 1673, ""action"": ""NextPage"", ""template"": ""instructions/instruct-1.html""}"
A2LHYSTN440VXD:38BQUHLA9XILRZUQQH07LE9SLD1MOA,2,1446146052127,"{""phase"": ""INSTRUCTIONS"", ""indexOf"": 1, ""viewTime"": 4090, ""action"": ""NextPage"", ""template"": ""instructions/instruct-2.html""}"
A2LHYSTN440VXD:38BQUHLA9XILRZUQQH07LE9SLD1MOA,3,1446146055591,"{""phase"": ""INSTRUCTIONS"", ""indexOf"": 2, ""viewTime"": 3462, ""action"": ""NextPage"", ""template"": ""instructions/instruct-3.html""}"
A2LHYSTN440VXD:38BQUHLA9XILRZUQQH07LE9SLD1MOA,4,1446146057377,"{""phase"": ""INSTRUCTIONS"", ""indexOf"": 3, ""viewTime"": 1784, ""action"": ""NextPage"", ""template"": ""instructions/instruct-4.html""}"
A2LHYSTN440VXD:38BQUHLA9XILRZUQQH07LE9SLD1MOA,5,1446146061205,"{""phase"": ""INSTRUCTIONS"", ""indexOf"": 4, ""viewTime"": 3827, ""action"": ""NextPage"", ""template"": ""instructions/instruct-5.html""}"
A2LHYSTN440VXD:38BQUHLA9XILRZUQQH07LE9SLD1MOA,6,1446146062633,"{""phase"": ""INSTRUCTIONS"", ""indexOf"": 5, ""viewTime"": 1427, ""action"": ""FinishInstructions"", ""template"": ""instructions/instruct-ready.html""}"
A2LU259QPV1I4V:3HPZF4IVNNBKCRM1JFFRK92I59WCYT,0,1446146126282,"{""phase"": ""INSTRUCTIONS"", ""templates"": [""instructions/instruct-1.html"", ""instructions/instruct-2.html"", ""instructions/instruct-3.html"", ""instructions/instruct-4.html"", ""instructions/instruct-5.html"", ""instructions/instruct-ready.html""], ""action"": ""Begin""}"
A2LU259QPV1I4V:3HPZF4IVNNBKCRM1JFFRK92I59WCYT,1,1446146131426,"{""phase"": ""INSTRUCTIONS"", ""indexOf"": 0, ""viewTime"": 5141, ""action"": ""NextPage"", ""template"": ""instructions/instruct-1.html""}"
A2LU259QPV1I4V:3HPZF4IVNNBKCRM1JFFRK92I59WCYT,2,1446146139110,"{""phase"": ""INSTRUCTIONS"", ""indexOf"": 1, ""viewTime"": 7684, ""action"": ""NextPage"", ""template"": ""instructions/instruct-2.html""}"
A2LU259QPV1I4V:3HPZF4IVNNBKCRM1JFFRK92I59WCYT,3,1446146145535,"{""phase"": ""INSTRUCTIONS"", ""indexOf"": 2, ""viewTime"": 6425, ""action"": ""NextPage"", ""template"": ""instructions/instruct-3.html""}"
A2LU259QPV1I4V:3HPZF4IVNNBKCRM1JFFRK92I59WCYT,4,1446146152259,"{""phase"": ""INSTRUCTIONS"", ""indexOf"": 3, ""viewTime"": 6724, ""action"": ""NextPage"", ""template"": ""instructions/instruct-4.html""}"
A2LU259QPV1I4V:3HPZF4IVNNBKCRM1JFFRK92I59WCYT,5,1446146163309,"{""phase"": ""INSTRUCTIONS"", ""indexOf"": 4, ""viewTime"": 11050, ""action"": ""NextPage"", ""template"": ""instructions/instruct-5.html""}"
A2LU259QPV1I4V:3HPZF4IVNNBKCRM1JFFRK92I59WCYT,6,1446146167653,"{""phase"": ""INSTRUCTIONS"", ""indexOf"": 5, ""viewTime"": 4344, ""action"": ""FinishInstructions"", ""template"": ""instructions/instruct-ready.html""}"
A2MEM0P4XT9PN7:33OOO72IVI3OV5N799SSCSA3Q7NCTD,0,1446152850975,"{""phase"": ""INSTRUCTIONS"", ""templates"": [""instructions/instruct-1.html"", ""instructions/instruct-2.html"", ""instructions/instruct-3.html"", ""instructions/instruct-4.html"", ""instructions/instruct-5.html"", ""instructions/instruct-ready.html""], ""action"": ""Begin""}"
A2MEM0P4XT9PN7:33OOO72IVI3OV5N799SSCSA3Q7NCTD,1,1446152853206,"{""phase"": ""INSTRUCTIONS"", ""indexOf"": 0, ""viewTime"": 2224, ""action"": ""NextPage"", ""template"": ""instructions/instruct-1.html""}"
A2MEM0P4XT9PN7:33OOO72IVI3OV5N799SSCSA3Q7NCTD,2,1446152857039,"{""phase"": ""INSTRUCTIONS"", ""indexOf"": 1, ""viewTime"": 3827, ""action"": ""NextPage"", ""template"": ""instructions/instruct-2.html""}"
A2MEM0P4XT9PN7:33OOO72IVI3OV5N799SSCSA3Q7NCTD,3,1446152888651,"{""phase"": ""INSTRUCTIONS"", ""indexOf"": 2, ""viewTime"": 31610, ""action"": ""NextPage"", ""template"": ""instructions/instruct-3.html""}"
A2MEM0P4XT9PN7:33OOO72IVI3OV5N799SSCSA3Q7NCTD,4,1446152893485,"{""phase"": ""INSTRUCTIONS"", ""indexOf"": 3, ""viewTime"": 4831, ""action"": ""NextPage"", ""template"": ""instructions/instruct-4.html""}"
A2MEM0P4XT9PN7:33OOO72IVI3OV5N799SSCSA3Q7NCTD,5,1446152902506,"{""phase"": ""INSTRUCTIONS"", ""indexOf"": 4, ""viewTime"": 9019, ""action"": ""NextPage"", ""template"": ""instructions/instruct-5.html""}"
A2MEM0P4XT9PN7:33OOO72IVI3OV5N799SSCSA3Q7NCTD,6,1446152907341,"{""phase"": ""INSTRUCTIONS"", ""indexOf"": 5, ""viewTime"": 4831, ""action"": ""FinishInstructions"", ""template"": ""instructions/instruct-ready.html""}"
A2NGU3ES718VM2:3WR9XG3T64TY23DL3RJ9OY6X9XF74J,0,1446152798005,"{""phase"": ""INSTRUCTIONS"", ""templates"": [""instructions/instruct-1.html"", ""instructions/instruct-2.html"", ""instructions/instruct-3.html"", ""instructions/instruct-4.html"", ""instructions/instruct-5.html"", ""instructions/instruct-ready.html""], ""action"": ""Begin""}"
A2NGU3ES718VM2:3WR9XG3T64TY23DL3RJ9OY6X9XF74J,1,1446152799688,"{""phase"": ""INSTRUCTIONS"", ""indexOf"": 0, ""viewTime"": 1678, ""action"": ""NextPage"", ""template"": ""instructions/instruct-1.html""}"
A2NGU3ES718VM2:3WR9XG3T64TY23DL3RJ9OY6X9XF74J,2,1446152801420,"{""phase"": ""INSTRUCTIONS"", ""indexOf"": 1, ""viewTime"": 1729, ""action"": ""NextPage"", ""template"": ""instructions/instruct-2.html""}"
A2NGU3ES718VM2:3WR9XG3T64TY23DL3RJ9OY6X9XF74J,3,1446152803377,"{""phase"": ""INSTRUCTIONS"", ""indexOf"": 2, ""viewTime"": 1955, ""action"": ""NextPage"", ""template"": ""instructions/instruct-3.html""}"
A2NGU3ES718VM2:3WR9XG3T64TY23DL3RJ9OY6X9XF74J,4,1446152804798,"{""phase"": ""INSTRUCTIONS"", ""indexOf"": 3, ""viewTime"": 1419, ""action"": ""NextPage"", ""template"": ""instructions/instruct-4.html""}"
A2NGU3ES718VM2:3WR9XG3T64TY23DL3RJ9OY6X9XF74J,5,1446152807963,"{""phase"": ""INSTRUCTIONS"", ""indexOf"": 4, ""viewTime"": 3163, ""action"": ""NextPage"", ""template"": ""instructions/instruct-5.html""}"
A2NGU3ES718VM2:3WR9XG3T64TY23DL3RJ9OY6X9XF74J,6,1446152809924,"{""phase"": ""INSTRUCTIONS"", ""indexOf"": 5, ""viewTime"": 1959, ""action"": ""FinishInstructions"", ""template"": ""instructions/instruct-ready.html""}"
A2NMETDZGRDQ55:3CP1TO84PUJ9CLKFBKLOXZV3YDO253,0,1446152575808,"{""phase"": ""INSTRUCTIONS"", ""templates"": [""instructions/instruct-1.html"", ""instructions/instruct-2.html"", ""instructions/instruct-3.html"", ""instructions/instruct-4.html"", ""instructions/instruct-5.html"", ""instructions/instruct-ready.html""], ""action"": ""Begin""}"
A2NMETDZGRDQ55:3CP1TO84PUJ9CLKFBKLOXZV3YDO253,1,1446152577458,"{""phase"": ""INSTRUCTIONS"", ""indexOf"": 0, ""viewTime"": 1644, ""action"": ""NextPage"", ""template"": ""instructions/instruct-1.html""}"
A2NMETDZGRDQ55:3CP1TO84PUJ9CLKFBKLOXZV3YDO253,2,1446152579847,"{""phase"": ""INSTRUCTIONS"", ""indexOf"": 1, ""viewTime"": 2385, ""action"": ""NextPage"", ""template"": ""instructions/instruct-2.html""}"
A2NMETDZGRDQ55:3CP1TO84PUJ9CLKFBKLOXZV3YDO253,3,1446152581862,"{""phase"": ""INSTRUCTIONS"", ""indexOf"": 2, ""viewTime"": 2007, ""action"": ""NextPage"", ""template"": ""instructions/instruct-3.html""}"
A2NMETDZGRDQ55:3CP1TO84PUJ9CLKFBKLOXZV3YDO253,4,1446152584141,"{""phase"": ""INSTRUCTIONS"", ""indexOf"": 3, ""viewTime"": 2274, ""action"": ""NextPage"", ""template"": ""instructions/instruct-4.html""}"
A2NMETDZGRDQ55:3CP1TO84PUJ9CLKFBKLOXZV3YDO253,5,1446152597968,"{""phase"": ""INSTRUCTIONS"", ""indexOf"": 4, ""viewTime"": 13824, ""action"": ""NextPage"", ""template"": ""instructions/instruct-5.html""}"
A2NMETDZGRDQ55:3CP1TO84PUJ9CLKFBKLOXZV3YDO253,6,1446152606627,"{""phase"": ""INSTRUCTIONS"", ""indexOf"": 5, ""viewTime"": 8653, ""action"": ""FinishInstructions"", ""template"": ""instructions/instruct-ready.html""}"
A2RYN1S6OSO9KX:39ASUFLU6YPA9KG5AAZKRJVCOETXED,0,1446139174008,"{""phase"": ""INSTRUCTIONS"", ""templates"": [""instructions/instruct-1.html"", ""instructions/instruct-2.html"", ""instructions/instruct-3.html"", ""instructions/instruct-4.html"", ""instructions/instruct-5.html"", ""instructions/instruct-ready.html""], ""action"": ""Begin""}"
A2RYN1S6OSO9KX:39ASUFLU6YPA9KG5AAZKRJVCOETXED,1,1446139176493,"{""phase"": ""INSTRUCTIONS"", ""indexOf"": 0, ""viewTime"": 2482, ""action"": ""NextPage"", ""template"": ""instructions/instruct-1.html""}"
A2RYN1S6OSO9KX:39ASUFLU6YPA9KG5AAZKRJVCOETXED,2,1446139178554,"{""phase"": ""INSTRUCTIONS"", ""indexOf"": 1, ""viewTime"": 2060, ""action"": ""NextPage"", ""template"": ""instructions/instruct-2.html""}"
A2RYN1S6OSO9KX:39ASUFLU6YPA9KG5AAZKRJVCOETXED,3,1446139183854,"{""phase"": ""INSTRUCTIONS"", ""indexOf"": 2, ""viewTime"": 5298, ""action"": ""NextPage"", ""template"": ""instructions/instruct-3.html""}"
A2RYN1S6OSO9KX:39ASUFLU6YPA9KG5AAZKRJVCOETXED,4,1446139186330,"{""phase"": ""INSTRUCTIONS"", ""indexOf"": 3, ""viewTime"": 2475, ""action"": ""NextPage"", ""template"": ""instructions/instruct-4.html""}"
A2RYN1S6OSO9KX:39ASUFLU6YPA9KG5AAZKRJVCOETXED,5,1446139194526,"{""phase"": ""INSTRUCTIONS"", ""indexOf"": 4, ""viewTime"": 8195, ""action"": ""NextPage"", ""template"": ""instructions/instruct-5.html""}"
A2RYN1S6OSO9KX:39ASUFLU6YPA9KG5AAZKRJVCOETXED,6,1446139197992,"{""phase"": ""INSTRUCTIONS"", ""indexOf"": 5, ""viewTime"": 3465, ""action"": ""FinishInstructions"", ""template"": ""instructions/instruct-ready.html""}"
A2SYRFPPV9WDEG:37U1UTWH9W493NK2O87SARD2CV2R86,0,1446151163632,"{""phase"": ""INSTRUCTIONS"", ""templates"": [""instructions/instruct-1.html"", ""instructions/instruct-2.html"", ""instructions/instruct-3.html"", ""instructions/instruct-4.html"", ""instructions/instruct-5.html"", ""instructions/instruct-ready.html""], ""action"": ""Begin""}"
A2SYRFPPV9WDEG:37U1UTWH9W493NK2O87SARD2CV2R86,1,1446151165003,"{""phase"": ""INSTRUCTIONS"", ""indexOf"": 0, ""viewTime"": 1370, ""action"": ""NextPage"", ""template"": ""instructions/instruct-1.html""}"
A2SYRFPPV9WDEG:37U1UTWH9W493NK2O87SARD2CV2R86,2,1446151167397,"{""phase"": ""INSTRUCTIONS"", ""indexOf"": 1, ""viewTime"": 2392, ""action"": ""NextPage"", ""template"": ""instructions/instruct-2.html""}"
A2SYRFPPV9WDEG:37U1UTWH9W493NK2O87SARD2CV2R86,3,1446151169211,"{""phase"": ""INSTRUCTIONS"", ""indexOf"": 2, ""viewTime"": 1813, ""action"": ""NextPage"", ""template"": ""instructions/instruct-3.html""}"
A2SYRFPPV9WDEG:37U1UTWH9W493NK2O87SARD2CV2R86,4,1446151171307,"{""phase"": ""INSTRUCTIONS"", ""indexOf"": 3, ""viewTime"": 2095, ""action"": ""NextPage"", ""template"": ""instructions/instruct-4.html""}"
A2SYRFPPV9WDEG:37U1UTWH9W493NK2O87SARD2CV2R86,5,1446151173513,"{""phase"": ""INSTRUCTIONS"", ""indexOf"": 4, ""viewTime"": 2205, ""action"": ""NextPage"", ""template"": ""instructions/instruct-5.html""}"
A2SYRFPPV9WDEG:37U1UTWH9W493NK2O87SARD2CV2R86,6,1446151175279,"{""phase"": ""INSTRUCTIONS"", ""indexOf"": 5, ""viewTime"": 1765, ""action"": ""FinishInstructions"", ""template"": ""instructions/instruct-ready.html""}"
A2UIGDOLX5RV95:3ERET4BTVNRNUOQH3G499BMZ19R9KL,0,1446149924735,"{""phase"": ""INSTRUCTIONS"", ""templates"": [""instructions/instruct-1.html"", ""instructions/instruct-2.html"", ""instructions/instruct-3.html"", ""instructions/instruct-4.html"", ""instructions/instruct-5.html"", ""instructions/instruct-ready.html""], ""action"": ""Begin""}"
A2UIGDOLX5RV95:3ERET4BTVNRNUOQH3G499BMZ19R9KL,1,1446149926109,"{""phase"": ""INSTRUCTIONS"", ""indexOf"": 0, ""viewTime"": 1370, ""action"": ""NextPage"", ""template"": ""instructions/instruct-1.html""}"
A2UIGDOLX5RV95:3ERET4BTVNRNUOQH3G499BMZ19R9KL,2,1446149928582,"{""phase"": ""INSTRUCTIONS"", ""indexOf"": 1, ""viewTime"": 2473, ""action"": ""NextPage"", ""template"": ""instructions/instruct-2.html""}"
A2UIGDOLX5RV95:3ERET4BTVNRNUOQH3G499BMZ19R9KL,3,1446149932278,"{""phase"": ""INSTRUCTIONS"", ""indexOf"": 2, ""viewTime"": 3695, ""action"": ""NextPage"", ""template"": ""instructions/instruct-3.html""}"
A2UIGDOLX5RV95:3ERET4BTVNRNUOQH3G499BMZ19R9KL,4,1446149934811,"{""phase"": ""INSTRUCTIONS"", ""indexOf"": 3, ""viewTime"": 2533, ""action"": ""NextPage"", ""template"": ""instructions/instruct-4.html""}"
A2UIGDOLX5RV95:3ERET4BTVNRNUOQH3G499BMZ19R9KL,5,1446149940065,"{""phase"": ""INSTRUCTIONS"", ""indexOf"": 4, ""viewTime"": 5254, ""action"": ""NextPage"", ""template"": ""instructions/instruct-5.html""}"
A2UIGDOLX5RV95:3ERET4BTVNRNUOQH3G499BMZ19R9KL,6,1446149942400,"{""phase"": ""INSTRUCTIONS"", ""indexOf"": 5, ""viewTime"": 2333, ""action"": ""FinishInstructions"", ""template"": ""instructions/instruct-ready.html""}"
A2W5RJFHZRE8IS:36NEMU28XGVTW83SH3RH28MEOF6WM2,0,1446149915716,"{""phase"": ""INSTRUCTIONS"", ""templates"": [""instructions/instruct-1.html"", ""instructions/instruct-2.html"", ""instructions/instruct-3.html"", ""instructions/instruct-4.html"", ""instructions/instruct-5.html"", ""instructions/instruct-ready.html""], ""action"": ""Begin""}"
A2W5RJFHZRE8IS:36NEMU28XGVTW83SH3RH28MEOF6WM2,1,1446149917144,"{""phase"": ""INSTRUCTIONS"", ""indexOf"": 0, ""viewTime"": 1425, ""action"": ""NextPage"", ""template"": ""instructions/instruct-1.html""}"
A2W5RJFHZRE8IS:36NEMU28XGVTW83SH3RH28MEOF6WM2,2,1446149919173,"{""phase"": ""INSTRUCTIONS"", ""indexOf"": 1, ""viewTime"": 2027, ""action"": ""NextPage"", ""template"": ""instructions/instruct-2.html""}"
A2W5RJFHZRE8IS:36NEMU28XGVTW83SH3RH28MEOF6WM2,3,1446149924691,"{""phase"": ""INSTRUCTIONS"", ""indexOf"": 2, ""viewTime"": 5517, ""action"": ""NextPage"", ""template"": ""instructions/instruct-3.html""}"
A2W5RJFHZRE8IS:36NEMU28XGVTW83SH3RH28MEOF6WM2,4,1446149927186,"{""phase"": ""INSTRUCTIONS"", ""indexOf"": 3, ""viewTime"": 2493, ""action"": ""PrevPage"", ""template"": ""instructions/instruct-4.html""}"
A2W5RJFHZRE8IS:36NEMU28XGVTW83SH3RH28MEOF6WM2,5,1446149928099,"{""phase"": ""INSTRUCTIONS"", ""indexOf"": 2, ""viewTime"": 912, ""action"": ""NextPage"", ""template"": ""instructions/instruct-3.html""}"
A2W5RJFHZRE8IS:36NEMU28XGVTW83SH3RH28MEOF6WM2,6,1446149929671,"{""phase"": ""INSTRUCTIONS"", ""indexOf"": 3, ""viewTime"": 1571, ""action"": ""NextPage"", ""template"": ""instructions/instruct-4.html""}"
A2W5RJFHZRE8IS:36NEMU28XGVTW83SH3RH28MEOF6WM2,7,1446149936822,"{""phase"": ""INSTRUCTIONS"", ""indexOf"": 4, ""viewTime"": 7149, ""action"": ""NextPage"", ""template"": ""instructions/instruct-5.html""}"
A2W5RJFHZRE8IS:36NEMU28XGVTW83SH3RH28MEOF6WM2,8,1446149938323,"{""phase"": ""INSTRUCTIONS"", ""indexOf"": 5, ""viewTime"": 1500, ""action"": ""FinishInstructions"", ""template"": ""instructions/instruct-ready.html""}"
A2WGW5Y3ZFBDEC:3WR9XG3T64TY23DL3RJ9OY6X9WF74H,0,1446139716840,"{""phase"": ""INSTRUCTIONS"", ""templates"": [""instructions/instruct-1.html"", ""instructions/instruct-2.html"", ""instructions/instruct-3.html"", ""instructions/instruct-4.html"", ""instructions/instruct-5.html"", ""instructions/instruct-ready.html""], ""action"": ""Begin""}"
A2WGW5Y3ZFBDEC:3WR9XG3T64TY23DL3RJ9OY6X9WF74H,1,1446139718406,"{""phase"": ""INSTRUCTIONS"", ""indexOf"": 0, ""viewTime"": 1562, ""action"": ""NextPage"", ""template"": ""instructions/instruct-1.html""}"
A2WGW5Y3ZFBDEC:3WR9XG3T64TY23DL3RJ9OY6X9WF74H,2,1446139720007,"{""phase"": ""INSTRUCTIONS"", ""indexOf"": 1, ""viewTime"": 1600, ""action"": ""NextPage"", ""template"": ""instructions/instruct-2.html""}"
A2WGW5Y3ZFBDEC:3WR9XG3T64TY23DL3RJ9OY6X9WF74H,3,1446139722158,"{""phase"": ""INSTRUCTIONS"", ""indexOf"": 2, ""viewTime"": 2149, ""action"": ""NextPage"", ""template"": ""instructions/instruct-3.html""}"
A2WGW5Y3ZFBDEC:3WR9XG3T64TY23DL3RJ9OY6X9WF74H,4,1446139723551,"{""phase"": ""INSTRUCTIONS"", ""indexOf"": 3, ""viewTime"": 1392, ""action"": ""NextPage"", ""template"": ""instructions/instruct-4.html""}"
A2WGW5Y3ZFBDEC:3WR9XG3T64TY23DL3RJ9OY6X9WF74H,5,1446139729733,"{""phase"": ""INSTRUCTIONS"", ""indexOf"": 4, ""viewTime"": 6181, ""action"": ""NextPage"", ""template"": ""instructions/instruct-5.html""}"
A2WGW5Y3ZFBDEC:3WR9XG3T64TY23DL3RJ9OY6X9WF74H,6,1446139731422,"{""phase"": ""INSTRUCTIONS"", ""indexOf"": 5, ""viewTime"": 1686, ""action"": ""FinishInstructions"", ""template"": ""instructions/instruct-ready.html""}"
A3BQE4S6XUYCK7:3OJSZ2ATDTEGYMHLHW2JTQCB9T875M,0,1446149970724,"{""phase"": ""INSTRUCTIONS"", ""templates"": [""instructions/instruct-1.html"", ""instructions/instruct-2.html"", ""instructions/instruct-3.html"", ""instructions/instruct-4.html"", ""instructions/instruct-5.html"", ""instructions/instruct-ready.html""], ""action"": ""Begin""}"
A3BQE4S6XUYCK7:3OJSZ2ATDTEGYMHLHW2JTQCB9T875M,1,1446149972965,"{""phase"": ""INSTRUCTIONS"", ""indexOf"": 0, ""viewTime"": 2229, ""action"": ""NextPage"", ""template"": ""instructions/instruct-1.html""}"
A3BQE4S6XUYCK7:3OJSZ2ATDTEGYMHLHW2JTQCB9T875M,2,1446149976903,"{""phase"": ""INSTRUCTIONS"", ""indexOf"": 1, ""viewTime"": 3931, ""action"": ""NextPage"", ""template"": ""instructions/instruct-2.html""}"
A3BQE4S6XUYCK7:3OJSZ2ATDTEGYMHLHW2JTQCB9T875M,3,1446149981723,"{""phase"": ""INSTRUCTIONS"", ""indexOf"": 2, ""viewTime"": 4813, ""action"": ""NextPage"", ""template"": ""instructions/instruct-3.html""}"
A3BQE4S6XUYCK7:3OJSZ2ATDTEGYMHLHW2JTQCB9T875M,4,1446149985739,"{""phase"": ""INSTRUCTIONS"", ""indexOf"": 3, ""viewTime"": 4007, ""action"": ""NextPage"", ""template"": ""instructions/instruct-4.html""}"
A3BQE4S6XUYCK7:3OJSZ2ATDTEGYMHLHW2JTQCB9T875M,5,1446149993769,"{""phase"": ""INSTRUCTIONS"", ""indexOf"": 4, ""viewTime"": 8023, ""action"": ""NextPage"", ""template"": ""instructions/instruct-5.html""}"
A3BQE4S6XUYCK7:3OJSZ2ATDTEGYMHLHW2JTQCB9T875M,6,1446149997201,"{""phase"": ""INSTRUCTIONS"", ""indexOf"": 5, ""viewTime"": 3427, ""action"": ""FinishInstructions"", ""template"": ""instructions/instruct-ready.html""}"
A3BUWQ5C39GRQC:3I33IC7ZWGK6IRWW6GC55ABPQQU2AC,0,1446139622453,"{""phase"": ""INSTRUCTIONS"", ""templates"": [""instructions/instruct-1.html"", ""instructions/instruct-2.html"", ""instructions/instruct-3.html"", ""instructions/instruct-4.html"", ""instructions/instruct-5.html"", ""instructions/instruct-ready.html""], ""action"": ""Begin""}"
A3BUWQ5C39GRQC:3I33IC7ZWGK6IRWW6GC55ABPQQU2AC,1,1446139624318,"{""phase"": ""INSTRUCTIONS"", ""indexOf"": 0, ""viewTime"": 1862, ""action"": ""NextPage"", ""template"": ""instructions/instruct-1.html""}"
A3BUWQ5C39GRQC:3I33IC7ZWGK6IRWW6GC55ABPQQU2AC,2,1446139626725,"{""phase"": ""INSTRUCTIONS"", ""indexOf"": 1, ""viewTime"": 2406, ""action"": ""NextPage"", ""template"": ""instructions/instruct-2.html""}"
A3BUWQ5C39GRQC:3I33IC7ZWGK6IRWW6GC55ABPQQU2AC,3,1446139630248,"{""phase"": ""INSTRUCTIONS"", ""indexOf"": 2, ""viewTime"": 3521, ""action"": ""NextPage"", ""template"": ""instructions/instruct-3.html""}"
A3BUWQ5C39GRQC:3I33IC7ZWGK6IRWW6GC55ABPQQU2AC,4,1446139631550,"{""phase"": ""INSTRUCTIONS"", ""indexOf"": 3, ""viewTime"": 1301, ""action"": ""NextPage"", ""template"": ""instructions/instruct-4.html""}"
A3BUWQ5C39GRQC:3I33IC7ZWGK6IRWW6GC55ABPQQU2AC,5,1446139636745,"{""phase"": ""INSTRUCTIONS"", ""indexOf"": 4, ""viewTime"": 5194, ""action"": ""NextPage"", ""template"": ""instructions/instruct-5.html""}"
A3BUWQ5C39GRQC:3I33IC7ZWGK6IRWW6GC55ABPQQU2AC,6,1446139638550,"{""phase"": ""INSTRUCTIONS"", ""indexOf"": 5, ""viewTime"": 1805, ""action"": ""FinishInstructions"", ""template"": ""instructions/instruct-ready.html""}"
A3D3NEQ158WUB0:3U84XHCDIDVHMDJRMMBSFIZWJQPZ40,0,1446150112614,"{""phase"": ""INSTRUCTIONS"", ""templates"": [""instructions/instruct-1.html"", ""instructions/instruct-2.html"", ""instructions/instruct-3.html"", ""instructions/instruct-4.html"", ""instructions/instruct-5.html"", ""instructions/instruct-ready.html""], ""action"": ""Begin""}"
A3D3NEQ158WUB0:3U84XHCDIDVHMDJRMMBSFIZWJQPZ40,1,1446150114244,"{""phase"": ""INSTRUCTIONS"", ""indexOf"": 0, ""viewTime"": 1630, ""action"": ""NextPage"", ""template"": ""instructions/instruct-1.html""}"
A3D3NEQ158WUB0:3U84XHCDIDVHMDJRMMBSFIZWJQPZ40,2,1446150115234,"{""phase"": ""INSTRUCTIONS"", ""indexOf"": 1, ""viewTime"": 990, ""action"": ""NextPage"", ""template"": ""instructions/instruct-2.html""}"
A3D3NEQ158WUB0:3U84XHCDIDVHMDJRMMBSFIZWJQPZ40,3,1446150118397,"{""phase"": ""INSTRUCTIONS"", ""indexOf"": 2, ""viewTime"": 3163, ""action"": ""NextPage"", ""template"": ""instructions/instruct-3.html""}"
A3D3NEQ158WUB0:3U84XHCDIDVHMDJRMMBSFIZWJQPZ40,4,1446150120762,"{""phase"": ""INSTRUCTIONS"", ""indexOf"": 3, ""viewTime"": 2365, ""action"": ""NextPage"", ""template"": ""instructions/instruct-4.html""}"
A3D3NEQ158WUB0:3U84XHCDIDVHMDJRMMBSFIZWJQPZ40,5,1446150129347,"{""phase"": ""INSTRUCTIONS"", ""indexOf"": 4, ""viewTime"": 8584, ""action"": ""NextPage"", ""template"": ""instructions/instruct-5.html""}"
A3D3NEQ158WUB0:3U84XHCDIDVHMDJRMMBSFIZWJQPZ40,6,1446150130981,"{""phase"": ""INSTRUCTIONS"", ""indexOf"": 5, ""viewTime"": 1633, ""action"": ""FinishInstructions"", ""template"": ""instructions/instruct-ready.html""}"
A3GDTSFHVBUJHD:3FPRZHYEPZPFVXVDLBH6K7UUHFO3VK,0,1446150105908,"{""phase"": ""INSTRUCTIONS"", ""templates"": [""instructions/instruct-1.html"", ""instructions/instruct-2.html"", ""instructions/instruct-3.html"", ""instructions/instruct-4.html"", ""instructions/instruct-5.html"", ""instructions/instruct-ready.html""], ""action"": ""Begin""}"
A3GDTSFHVBUJHD:3FPRZHYEPZPFVXVDLBH6K7UUHFO3VK,1,1446150107729,"{""phase"": ""INSTRUCTIONS"", ""indexOf"": 0, ""viewTime"": 1820, ""action"": ""NextPage"", ""template"": ""instructions/instruct-1.html""}"
A3GDTSFHVBUJHD:3FPRZHYEPZPFVXVDLBH6K7UUHFO3VK,2,1446150109998,"{""phase"": ""INSTRUCTIONS"", ""indexOf"": 1, ""viewTime"": 2265, ""action"": ""NextPage"", ""template"": ""instructions/instruct-2.html""}"
A3GDTSFHVBUJHD:3FPRZHYEPZPFVXVDLBH6K7UUHFO3VK,3,1446150112284,"{""phase"": ""INSTRUCTIONS"", ""indexOf"": 2, ""viewTime"": 2282, ""action"": ""NextPage"", ""template"": ""instructions/instruct-3.html""}"
A3GDTSFHVBUJHD:3FPRZHYEPZPFVXVDLBH6K7UUHFO3VK,4,1446150114055,"{""phase"": ""INSTRUCTIONS"", ""indexOf"": 3, ""viewTime"": 1769, ""action"": ""NextPage"", ""template"": ""instructions/instruct-4.html""}"
A3GDTSFHVBUJHD:3FPRZHYEPZPFVXVDLBH6K7UUHFO3VK,5,1446150118135,"{""phase"": ""INSTRUCTIONS"", ""indexOf"": 4, ""viewTime"": 4078, ""action"": ""NextPage"", ""template"": ""instructions/instruct-5.html""}"
A3GDTSFHVBUJHD:3FPRZHYEPZPFVXVDLBH6K7UUHFO3VK,6,1446150120229,"{""phase"": ""INSTRUCTIONS"", ""indexOf"": 5, ""viewTime"": 2091, ""action"": ""FinishInstructions"", ""template"": ""instructions/instruct-ready.html""}"
A3OY7HSTD2RR10:320DUZ38G847YE77Z1A70D89QXLGJJ,0,1446150127498,"{""phase"": ""INSTRUCTIONS"", ""templates"": [""instructions/instruct-1.html"", ""instructions/instruct-2.html"", ""instructions/instruct-3.html"", ""instructions/instruct-4.html"", ""instructions/instruct-5.html"", ""instructions/instruct-ready.html""], ""action"": ""Begin""}"
A3OY7HSTD2RR10:320DUZ38G847YE77Z1A70D89QXLGJJ,1,1446150132012,"{""phase"": ""INSTRUCTIONS"", ""indexOf"": 0, ""viewTime"": 4514, ""action"": ""NextPage"", ""template"": ""instructions/instruct-1.html""}"
A3OY7HSTD2RR10:320DUZ38G847YE77Z1A70D89QXLGJJ,2,1446150134528,"{""phase"": ""INSTRUCTIONS"", ""indexOf"": 1, ""viewTime"": 2516, ""action"": ""NextPage"", ""template"": ""instructions/instruct-2.html""}"
A3OY7HSTD2RR10:320DUZ38G847YE77Z1A70D89QXLGJJ,3,1446150143361,"{""phase"": ""INSTRUCTIONS"", ""indexOf"": 2, ""viewTime"": 8833, ""action"": ""NextPage"", ""template"": ""instructions/instruct-3.html""}"
A3OY7HSTD2RR10:320DUZ38G847YE77Z1A70D89QXLGJJ,4,1446150146522,"{""phase"": ""INSTRUCTIONS"", ""indexOf"": 3, ""viewTime"": 3161, ""action"": ""NextPage"", ""template"": ""instructions/instruct-4.html""}"
A3OY7HSTD2RR10:320DUZ38G847YE77Z1A70D89QXLGJJ,5,1446150159747,"{""phase"": ""INSTRUCTIONS"", ""indexOf"": 4, ""viewTime"": 13225, ""action"": ""NextPage"", ""template"": ""instructions/instruct-5.html""}"
A3OY7HSTD2RR10:320DUZ38G847YE77Z1A70D89QXLGJJ,6,1446150161928,"{""phase"": ""INSTRUCTIONS"", ""indexOf"": 5, ""viewTime"": 2181, ""action"": ""FinishInstructions"", ""template"": ""instructions/instruct-ready.html""}"
A4E1UYPDHE8D8:37QW5D2ZRH4L42KF3X7X01IYYXFS8P,0,1446147293699,"{""phase"": ""INSTRUCTIONS"", ""templates"": [""instructions/instruct-1.html"", ""instructions/instruct-2.html"", ""instructions/instruct-3.html"", ""instructions/instruct-4.html"", ""instructions/instruct-5.html"", ""instructions/instruct-ready.html""], ""action"": ""Begin""}"
A4E1UYPDHE8D8:37QW5D2ZRH4L42KF3X7X01IYYXFS8P,1,1446147296138,"{""phase"": ""INSTRUCTIONS"", ""indexOf"": 0, ""viewTime"": 2436, ""action"": ""NextPage"", ""template"": ""instructions/instruct-1.html""}"
A4E1UYPDHE8D8:37QW5D2ZRH4L42KF3X7X01IYYXFS8P,2,1446147302491,"{""phase"": ""INSTRUCTIONS"", ""indexOf"": 1, ""viewTime"": 6352, ""action"": ""NextPage"", ""template"": ""instructions/instruct-2.html""}"
A4E1UYPDHE8D8:37QW5D2ZRH4L42KF3X7X01IYYXFS8P,3,1446147308211,"{""phase"": ""INSTRUCTIONS"", ""indexOf"": 2, ""viewTime"": 5720, ""action"": ""NextPage"", ""template"": ""instructions/instruct-3.html""}"
A4E1UYPDHE8D8:37QW5D2ZRH4L42KF3X7X01IYYXFS8P,4,1446147312635,"{""phase"": ""INSTRUCTIONS"", ""indexOf"": 3, ""viewTime"": 4424, ""action"": ""NextPage"", ""template"": ""instructions/instruct-4.html""}"
A4E1UYPDHE8D8:37QW5D2ZRH4L42KF3X7X01IYYXFS8P,5,1446147327707,"{""phase"": ""INSTRUCTIONS"", ""indexOf"": 4, ""viewTime"": 15072, ""action"": ""NextPage"", ""template"": ""instructions/instruct-5.html""}"
A4E1UYPDHE8D8:37QW5D2ZRH4L42KF3X7X01IYYXFS8P,6,1446147331971,"{""phase"": ""INSTRUCTIONS"", ""indexOf"": 5, ""viewTime"": 4264, ""action"": ""FinishInstructions"", ""template"": ""instructions/instruct-ready.html""}"
A6HR4PTSCMZ4L:3FDJT1UU75Q4T1O50QRSXVHXFD8K55,0,1446149930304,"{""phase"": ""INSTRUCTIONS"", ""templates"": [""instructions/instruct-1.html"", ""instructions/instruct-2.html"", ""instructions/instruct-3.html"", ""instructions/instruct-4.html"", ""instructions/instruct-5.html"", ""instructions/instruct-ready.html""], ""action"": ""Begin""}"
A6HR4PTSCMZ4L:3FDJT1UU75Q4T1O50QRSXVHXFD8K55,1,1446149931529,"{""phase"": ""INSTRUCTIONS"", ""indexOf"": 0, ""viewTime"": 1217, ""action"": ""NextPage"", ""template"": ""instructions/instruct-1.html""}"
A6HR4PTSCMZ4L:3FDJT1UU75Q4T1O50QRSXVHXFD8K55,2,1446149932891,"{""phase"": ""INSTRUCTIONS"", ""indexOf"": 1, ""viewTime"": 1359, ""action"": ""NextPage"", ""template"": ""instructions/instruct-2.html""}"
A6HR4PTSCMZ4L:3FDJT1UU75Q4T1O50QRSXVHXFD8K55,3,1446149934485,"{""phase"": ""INSTRUCTIONS"", ""indexOf"": 2, ""viewTime"": 1591, ""action"": ""NextPage"", ""template"": ""instructions/instruct-3.html""}"
A6HR4PTSCMZ4L:3FDJT1UU75Q4T1O50QRSXVHXFD8K55,4,1446149935577,"{""phase"": ""INSTRUCTIONS"", ""indexOf"": 3, ""viewTime"": 1091, ""action"": ""NextPage"", ""template"": ""instructions/instruct-4.html""}"
A6HR4PTSCMZ4L:3FDJT1UU75Q4T1O50QRSXVHXFD8K55,5,1446149938966,"{""phase"": ""INSTRUCTIONS"", ""indexOf"": 4, ""viewTime"": 3386, ""action"": ""NextPage"", ""template"": ""instructions/instruct-5.html""}"
A6HR4PTSCMZ4L:3FDJT1UU75Q4T1O50QRSXVHXFD8K55,6,1446149940341,"{""phase"": ""INSTRUCTIONS"", ""indexOf"": 5, ""viewTime"": 1374, ""action"": ""FinishInstructions"", ""template"": ""instructions/instruct-ready.html""}"
A7TL8YNPMV95T:3JNQLM5FT54NEAN0371VEOR0K3NL29,0,1446151955681,"{""phase"": ""INSTRUCTIONS"", ""templates"": [""instructions/instruct-1.html"", ""instructions/instruct-2.html"", ""instructions/instruct-3.html"", ""instructions/instruct-4.html"", ""instructions/instruct-5.html"", ""instructions/instruct-ready.html""], ""action"": ""Begin""}"
A7TL8YNPMV95T:3JNQLM5FT54NEAN0371VEOR0K3NL29,1,1446151967216,"{""phase"": ""INSTRUCTIONS"", ""indexOf"": 0, ""viewTime"": 11533, ""action"": ""NextPage"", ""template"": ""instructions/instruct-1.html""}"
A7TL8YNPMV95T:3JNQLM5FT54NEAN0371VEOR0K3NL29,2,1446151970159,"{""phase"": ""INSTRUCTIONS"", ""indexOf"": 1, ""viewTime"": 2942, ""action"": ""NextPage"", ""template"": ""instructions/instruct-2.html""}"
A7TL8YNPMV95T:3JNQLM5FT54NEAN0371VEOR0K3NL29,3,1446151971575,"{""phase"": ""INSTRUCTIONS"", ""indexOf"": 2, ""viewTime"": 1415, ""action"": ""NextPage"", ""template"": ""instructions/instruct-3.html""}"
A7TL8YNPMV95T:3JNQLM5FT54NEAN0371VEOR0K3NL29,4,1446151974527,"{""phase"": ""INSTRUCTIONS"", ""indexOf"": 3, ""viewTime"": 2951, ""action"": ""NextPage"", ""template"": ""instructions/instruct-4.html""}"
A7TL8YNPMV95T:3JNQLM5FT54NEAN0371VEOR0K3NL29,5,1446151977815,"{""phase"": ""INSTRUCTIONS"", ""indexOf"": 4, ""viewTime"": 3287, ""action"": ""NextPage"", ""template"": ""instructions/instruct-5.html""}"
A7TL8YNPMV95T:3JNQLM5FT54NEAN0371VEOR0K3NL29,6,1446151979600,"{""phase"": ""INSTRUCTIONS"", ""indexOf"": 5, ""viewTime"": 1784, ""action"": ""FinishInstructions"", ""template"": ""instructions/instruct-ready.html""}"
AF147CO1FIFI7:3PH3VY7DJMFTVF2BWSHBAAIN3JQZWO,0,1446152706080,"{""phase"": ""INSTRUCTIONS"", ""templates"": [""instructions/instruct-1.html"", ""instructions/instruct-2.html"", ""instructions/instruct-3.html"", ""instructions/instruct-4.html"", ""instructions/instruct-5.html"", ""instructions/instruct-ready.html""], ""action"": ""Begin""}"
AF147CO1FIFI7:3PH3VY7DJMFTVF2BWSHBAAIN3JQZWO,1,1446152707655,"{""phase"": ""INSTRUCTIONS"", ""indexOf"": 0, ""viewTime"": 1573, ""action"": ""NextPage"", ""template"": ""instructions/instruct-1.html""}"
AF147CO1FIFI7:3PH3VY7DJMFTVF2BWSHBAAIN3JQZWO,2,1446152709423,"{""phase"": ""INSTRUCTIONS"", ""indexOf"": 1, ""viewTime"": 1767, ""action"": ""NextPage"", ""template"": ""instructions/instruct-2.html""}"
AF147CO1FIFI7:3PH3VY7DJMFTVF2BWSHBAAIN3JQZWO,3,1446152715335,"{""phase"": ""INSTRUCTIONS"", ""indexOf"": 2, ""viewTime"": 5911, ""action"": ""NextPage"", ""template"": ""instructions/instruct-3.html""}"
AF147CO1FIFI7:3PH3VY7DJMFTVF2BWSHBAAIN3JQZWO,4,1446152718975,"{""phase"": ""INSTRUCTIONS"", ""indexOf"": 3, ""viewTime"": 3639, ""action"": ""NextPage"", ""template"": ""instructions/instruct-4.html""}"
AF147CO1FIFI7:3PH3VY7DJMFTVF2BWSHBAAIN3JQZWO,5,1446152724839,"{""phase"": ""INSTRUCTIONS"", ""indexOf"": 4, ""viewTime"": 5863, ""action"": ""NextPage"", ""template"": ""instructions/instruct-5.html""}"
AF147CO1FIFI7:3PH3VY7DJMFTVF2BWSHBAAIN3JQZWO,6,1446152728799,"{""phase"": ""INSTRUCTIONS"", ""indexOf"": 5, ""viewTime"": 3959, ""action"": ""FinishInstructions"", ""template"": ""instructions/instruct-ready.html""}"
AH31QLJ57XC8W:3QEMNNSB2YHB2ZWEW2K2R203MA7D71,0,1446152180994,"{""phase"": ""INSTRUCTIONS"", ""templates"": [""instructions/instruct-1.html"", ""instructions/instruct-2.html"", ""instructions/instruct-3.html"", ""instructions/instruct-4.html"", ""instructions/instruct-5.html"", ""instructions/instruct-ready.html""], ""action"": ""Begin""}"
AH31QLJ57XC8W:3QEMNNSB2YHB2ZWEW2K2R203MA7D71,1,1446152183049,"{""phase"": ""INSTRUCTIONS"", ""indexOf"": 0, ""viewTime"": 2051, ""action"": ""NextPage"", ""template"": ""instructions/instruct-1.html""}"
AH31QLJ57XC8W:3QEMNNSB2YHB2ZWEW2K2R203MA7D71,2,1446152185828,"{""phase"": ""INSTRUCTIONS"", ""indexOf"": 1, ""viewTime"": 2778, ""action"": ""NextPage"", ""template"": ""instructions/instruct-2.html""}"
AH31QLJ57XC8W:3QEMNNSB2YHB2ZWEW2K2R203MA7D71,3,1446152192500,"{""phase"": ""INSTRUCTIONS"", ""indexOf"": 2, ""viewTime"": 6671, ""action"": ""NextPage"", ""template"": ""instructions/instruct-3.html""}"
AH31QLJ57XC8W:3QEMNNSB2YHB2ZWEW2K2R203MA7D71,4,1446152195981,"{""phase"": ""INSTRUCTIONS"", ""indexOf"": 3, ""viewTime"": 3480, ""action"": ""NextPage"", ""template"": ""instructions/instruct-4.html""}"
AH31QLJ57XC8W:3QEMNNSB2YHB2ZWEW2K2R203MA7D71,5,1446152203125,"{""phase"": ""INSTRUCTIONS"", ""indexOf"": 4, ""viewTime"": 7143, ""action"": ""NextPage"", ""template"": ""instructions/instruct-5.html""}"
AH31QLJ57XC8W:3QEMNNSB2YHB2ZWEW2K2R203MA7D71,6,1446152206961,"{""phase"": ""INSTRUCTIONS"", ""indexOf"": 5, ""viewTime"": 3835, ""action"": ""FinishInstructions"", ""template"": ""instructions/instruct-ready.html""}"
AJ34WB9Z37ILU:3VE8AYVF8NFC0XFTXD7YT2ZJ97R8FS,0,1446150563185,"{""phase"": ""INSTRUCTIONS"", ""templates"": [""instructions/instruct-1.html"", ""instructions/instruct-2.html"", ""instructions/instruct-3.html"", ""instructions/instruct-4.html"", ""instructions/instruct-5.html"", ""instructions/instruct-ready.html""], ""action"": ""Begin""}"
AJ34WB9Z37ILU:3VE8AYVF8NFC0XFTXD7YT2ZJ97R8FS,1,1446150564452,"{""phase"": ""INSTRUCTIONS"", ""indexOf"": 0, ""viewTime"": 1260, ""action"": ""NextPage"", ""template"": ""instructions/instruct-1.html""}"
AJ34WB9Z37ILU:3VE8AYVF8NFC0XFTXD7YT2ZJ97R8FS,2,1446150565921,"{""phase"": ""INSTRUCTIONS"", ""indexOf"": 1, ""viewTime"": 1469, ""action"": ""NextPage"", ""template"": ""instructions/instruct-2.html""}"
AJ34WB9Z37ILU:3VE8AYVF8NFC0XFTXD7YT2ZJ97R8FS,3,1446150567797,"{""phase"": ""INSTRUCTIONS"", ""indexOf"": 2, ""viewTime"": 1876, ""action"": ""NextPage"", ""template"": ""instructions/instruct-3.html""}"
AJ34WB9Z37ILU:3VE8AYVF8NFC0XFTXD7YT2ZJ97R8FS,4,1446150569547,"{""phase"": ""INSTRUCTIONS"", ""indexOf"": 3, ""viewTime"": 1750, ""action"": ""NextPage"", ""template"": ""instructions/instruct-4.html""}"
AJ34WB9Z37ILU:3VE8AYVF8NFC0XFTXD7YT2ZJ97R8FS,5,1446150573814,"{""phase"": ""INSTRUCTIONS"", ""indexOf"": 4, ""viewTime"": 4267, ""action"": ""NextPage"", ""template"": ""instructions/instruct-5.html""}"
AJ34WB9Z37ILU:3VE8AYVF8NFC0XFTXD7YT2ZJ97R8FS,6,1446150575400,"{""phase"": ""INSTRUCTIONS"", ""indexOf"": 5, ""viewTime"": 1585, ""action"": ""FinishInstructions"", ""template"": ""instructions/instruct-ready.html""}"
AKC6351TW2FA4:3Z2R0DQ0JIW984D8MLER1T1GB6N2E4,0,1446153317302,"{""phase"": ""INSTRUCTIONS"", ""templates"": [""instructions/instruct-1.html"", ""instructions/instruct-2.html"", ""instructions/instruct-3.html"", ""instructions/instruct-4.html"", ""instructions/instruct-5.html"", ""instructions/instruct-ready.html""], ""action"": ""Begin""}"
AKC6351TW2FA4:3Z2R0DQ0JIW984D8MLER1T1GB6N2E4,1,1446153320905,"{""phase"": ""INSTRUCTIONS"", ""indexOf"": 0, ""viewTime"": 3592, ""action"": ""NextPage"", ""template"": ""instructions/instruct-1.html""}"
AKC6351TW2FA4:3Z2R0DQ0JIW984D8MLER1T1GB6N2E4,2,1446153324669,"{""phase"": ""INSTRUCTIONS"", ""indexOf"": 1, ""viewTime"": 3759, ""action"": ""NextPage"", ""template"": ""instructions/instruct-2.html""}"
AKC6351TW2FA4:3Z2R0DQ0JIW984D8MLER1T1GB6N2E4,3,1446153330357,"{""phase"": ""INSTRUCTIONS"", ""indexOf"": 2, ""viewTime"": 5682, ""action"": ""NextPage"", ""template"": ""instructions/instruct-3.html""}"
AKC6351TW2FA4:3Z2R0DQ0JIW984D8MLER1T1GB6N2E4,4,1446153333437,"{""phase"": ""INSTRUCTIONS"", ""indexOf"": 3, ""viewTime"": 3076, ""action"": ""NextPage"", ""template"": ""instructions/instruct-4.html""}"
AKC6351TW2FA4:3Z2R0DQ0JIW984D8MLER1T1GB6N2E4,5,1446153342925,"{""phase"": ""INSTRUCTIONS"", ""indexOf"": 4, ""viewTime"": 9484, ""action"": ""NextPage"", ""template"": ""instructions/instruct-5.html""}"
AKC6351TW2FA4:3Z2R0DQ0JIW984D8MLER1T1GB6N2E4,6,1446153346989,"{""phase"": ""INSTRUCTIONS"", ""indexOf"": 5, ""viewTime"": 4059, ""action"": ""FinishInstructions"", ""template"": ""instructions/instruct-ready.html""}"
ALDKDKRBR4LXD:3QFUFYSY9ZXBHWSRLAHLCQJE7LYF4V,0,1446152600409,"{""phase"": ""INSTRUCTIONS"", ""templates"": [""instructions/instruct-1.html"", ""instructions/instruct-2.html"", ""instructions/instruct-3.html"", ""instructions/instruct-4.html"", ""instructions/instruct-5.html"", ""instructions/instruct-ready.html""], ""action"": ""Begin""}"
ALDKDKRBR4LXD:3QFUFYSY9ZXBHWSRLAHLCQJE7LYF4V,1,1446152602305,"{""phase"": ""INSTRUCTIONS"", ""indexOf"": 0, ""viewTime"": 1893, ""action"": ""NextPage"", ""template"": ""instructions/instruct-1.html""}"
ALDKDKRBR4LXD:3QFUFYSY9ZXBHWSRLAHLCQJE7LYF4V,2,1446152605353,"{""phase"": ""INSTRUCTIONS"", ""indexOf"": 1, ""viewTime"": 3046, ""action"": ""NextPage"", ""template"": ""instructions/instruct-2.html""}"
ALDKDKRBR4LXD:3QFUFYSY9ZXBHWSRLAHLCQJE7LYF4V,3,1446152610221,"{""phase"": ""INSTRUCTIONS"", ""indexOf"": 2, ""viewTime"": 4867, ""action"": ""NextPage"", ""template"": ""instructions/instruct-3.html""}"
ALDKDKRBR4LXD:3QFUFYSY9ZXBHWSRLAHLCQJE7LYF4V,4,1446152612782,"{""phase"": ""INSTRUCTIONS"", ""indexOf"": 3, ""viewTime"": 2560, ""action"": ""NextPage"", ""template"": ""instructions/instruct-4.html""}"
ALDKDKRBR4LXD:3QFUFYSY9ZXBHWSRLAHLCQJE7LYF4V,5,1446152619570,"{""phase"": ""INSTRUCTIONS"", ""indexOf"": 4, ""viewTime"": 6787, ""action"": ""NextPage"", ""template"": ""instructions/instruct-5.html""}"
ALDKDKRBR4LXD:3QFUFYSY9ZXBHWSRLAHLCQJE7LYF4V,6,1446152623271,"{""phase"": ""INSTRUCTIONS"", ""indexOf"": 5, ""viewTime"": 3700, ""action"": ""FinishInstructions"", ""template"": ""instructions/instruct-ready.html""}"
ANV6ZN93YM99J:3OJSZ2ATDTEGYMHLHW2JTQCB9TA75O,0,1446152654517,"{""phase"": ""INSTRUCTIONS"", ""templates"": [""instructions/instruct-1.html"", ""instructions/instruct-2.html"", ""instructions/instruct-3.html"", ""instructions/instruct-4.html"", ""instructions/instruct-5.html"", ""instructions/instruct-ready.html""], ""action"": ""Begin""}"
ANV6ZN93YM99J:3OJSZ2ATDTEGYMHLHW2JTQCB9TA75O,1,1446152656472,"{""phase"": ""INSTRUCTIONS"", ""indexOf"": 0, ""viewTime"": 1954, ""action"": ""NextPage"", ""template"": ""instructions/instruct-1.html""}"
ANV6ZN93YM99J:3OJSZ2ATDTEGYMHLHW2JTQCB9TA75O,2,1446152659022,"{""phase"": ""INSTRUCTIONS"", ""indexOf"": 1, ""viewTime"": 2534, ""action"": ""NextPage"", ""template"": ""instructions/instruct-2.html""}"
ANV6ZN93YM99J:3OJSZ2ATDTEGYMHLHW2JTQCB9TA75O,3,1446152662454,"{""phase"": ""INSTRUCTIONS"", ""indexOf"": 2, ""viewTime"": 3432, ""action"": ""NextPage"", ""template"": ""instructions/instruct-3.html""}"
ANV6ZN93YM99J:3OJSZ2ATDTEGYMHLHW2JTQCB9TA75O,4,1446152665722,"{""phase"": ""INSTRUCTIONS"", ""indexOf"": 3, ""viewTime"": 3266, ""action"": ""NextPage"", ""template"": ""instructions/instruct-4.html""}"
ANV6ZN93YM99J:3OJSZ2ATDTEGYMHLHW2JTQCB9TA75O,5,1446152670108,"{""phase"": ""INSTRUCTIONS"", ""indexOf"": 4, ""viewTime"": 4386, ""action"": ""NextPage"", ""template"": ""instructions/instruct-5.html""}"
ANV6ZN93YM99J:3OJSZ2ATDTEGYMHLHW2JTQCB9TA75O,6,1446152672457,"{""phase"": ""INSTRUCTIONS"", ""indexOf"": 5, ""viewTime"": 2349, ""action"": ""FinishInstructions"", ""template"": ""instructions/instruct-ready.html""}"
AOAZMLP27GD81:3N4BPTXIO9ALEGEK1RZ0579DEUUKUG,0,1446147276182,"{""phase"": ""INSTRUCTIONS"", ""templates"": [""instructions/instruct-1.html"", ""instructions/instruct-2.html"", ""instructions/instruct-3.html"", ""instructions/instruct-4.html"", ""instructions/instruct-5.html"", ""instructions/instruct-ready.html""], ""action"": ""Begin""}"
AOAZMLP27GD81:3N4BPTXIO9ALEGEK1RZ0579DEUUKUG,1,1446147277756,"{""phase"": ""INSTRUCTIONS"", ""indexOf"": 0, ""viewTime"": 1571, ""action"": ""NextPage"", ""template"": ""instructions/instruct-1.html""}"
AOAZMLP27GD81:3N4BPTXIO9ALEGEK1RZ0579DEUUKUG,2,1446147278924,"{""phase"": ""INSTRUCTIONS"", ""indexOf"": 1, ""viewTime"": 1167, ""action"": ""NextPage"", ""template"": ""instructions/instruct-2.html""}"
AOAZMLP27GD81:3N4BPTXIO9ALEGEK1RZ0579DEUUKUG,3,1446147284563,"{""phase"": ""INSTRUCTIONS"", ""indexOf"": 2, ""viewTime"": 5638, ""action"": ""NextPage"", ""template"": ""instructions/instruct-3.html""}"
AOAZMLP27GD81:3N4BPTXIO9ALEGEK1RZ0579DEUUKUG,4,1446147286747,"{""phase"": ""INSTRUCTIONS"", ""indexOf"": 3, ""viewTime"": 2183, ""action"": ""NextPage"", ""template"": ""instructions/instruct-4.html""}"
AOAZMLP27GD81:3N4BPTXIO9ALEGEK1RZ0579DEUUKUG,5,1446147292652,"{""phase"": ""INSTRUCTIONS"", ""indexOf"": 4, ""viewTime"": 5904, ""action"": ""NextPage"", ""template"": ""instructions/instruct-5.html""}"
AOAZMLP27GD81:3N4BPTXIO9ALEGEK1RZ0579DEUUKUG,6,1446147295412,"{""phase"": ""INSTRUCTIONS"", ""indexOf"": 5, ""viewTime"": 2759, ""action"": ""FinishInstructions"", ""template"": ""instructions/instruct-ready.html""}"
AOLE6YAPCVY1Z:3II4UPYCOKPL8H1TS1T8RTHYR0RDQR,0,1446146126255,"{""phase"": ""INSTRUCTIONS"", ""templates"": [""instructions/instruct-1.html"", ""instructions/instruct-2.html"", ""instructions/instruct-3.html"", ""instructions/instruct-4.html"", ""instructions/instruct-5.html"", ""instructions/instruct-ready.html""], ""action"": ""Begin""}"
AOLE6YAPCVY1Z:3II4UPYCOKPL8H1TS1T8RTHYR0RDQR,1,1446146127858,"{""phase"": ""INSTRUCTIONS"", ""indexOf"": 0, ""viewTime"": 1598, ""action"": ""NextPage"", ""template"": ""instructions/instruct-1.html""}"
AOLE6YAPCVY1Z:3II4UPYCOKPL8H1TS1T8RTHYR0RDQR,2,1446146129552,"{""phase"": ""INSTRUCTIONS"", ""indexOf"": 1, ""viewTime"": 1690, ""action"": ""NextPage"", ""template"": ""instructions/instruct-2.html""}"
AOLE6YAPCVY1Z:3II4UPYCOKPL8H1TS1T8RTHYR0RDQR,3,1446146137451,"{""phase"": ""INSTRUCTIONS"", ""indexOf"": 2, ""viewTime"": 7895, ""action"": ""NextPage"", ""template"": ""instructions/instruct-3.html""}"
AOLE6YAPCVY1Z:3II4UPYCOKPL8H1TS1T8RTHYR0RDQR,4,1446146140635,"{""phase"": ""INSTRUCTIONS"", ""indexOf"": 3, ""viewTime"": 3179, ""action"": ""NextPage"", ""template"": ""instructions/instruct-4.html""}"
AOLE6YAPCVY1Z:3II4UPYCOKPL8H1TS1T8RTHYR0RDQR,5,1446146157216,"{""phase"": ""INSTRUCTIONS"", ""indexOf"": 4, ""viewTime"": 16574, ""action"": ""NextPage"", ""template"": ""instructions/instruct-5.html""}"
AOLE6YAPCVY1Z:3II4UPYCOKPL8H1TS1T8RTHYR0RDQR,6,1446146160475,"{""phase"": ""INSTRUCTIONS"", ""indexOf"": 5, ""viewTime"": 3254, ""action"": ""FinishInstructions"", ""template"": ""instructions/instruct-ready.html""}"
APPBU5CLSQAU3:32AT8R96GMRJ2ZRS6082WT0NVOFUSF,0,1446153442695,"{""phase"": ""INSTRUCTIONS"", ""templates"": [""instructions/instruct-1.html"", ""instructions/instruct-2.html"", ""instructions/instruct-3.html"", ""instructions/instruct-4.html"", ""instructions/instruct-5.html"", ""instructions/instruct-ready.html""], ""action"": ""Begin""}"
APPBU5CLSQAU3:32AT8R96GMRJ2ZRS6082WT0NVOFUSF,1,1446153447123,"{""phase"": ""INSTRUCTIONS"", ""indexOf"": 0, ""viewTime"": 4425, ""action"": ""NextPage"", ""template"": ""instructions/instruct-1.html""}"
APPBU5CLSQAU3:32AT8R96GMRJ2ZRS6082WT0NVOFUSF,2,1446153451315,"{""phase"": ""INSTRUCTIONS"", ""indexOf"": 1, ""viewTime"": 4189, ""action"": ""NextPage"", ""template"": ""instructions/instruct-2.html""}"
APPBU5CLSQAU3:32AT8R96GMRJ2ZRS6082WT0NVOFUSF,3,1446153456379,"{""phase"": ""INSTRUCTIONS"", ""indexOf"": 2, ""viewTime"": 5062, ""action"": ""NextPage"", ""template"": ""instructions/instruct-3.html""}"
APPBU5CLSQAU3:32AT8R96GMRJ2ZRS6082WT0NVOFUSF,4,1446153460021,"{""phase"": ""INSTRUCTIONS"", ""indexOf"": 3, ""viewTime"": 3639, ""action"": ""NextPage"", ""template"": ""instructions/instruct-4.html""}"
APPBU5CLSQAU3:32AT8R96GMRJ2ZRS6082WT0NVOFUSF,5,1446153464683,"{""phase"": ""INSTRUCTIONS"", ""indexOf"": 4, ""viewTime"": 4659, ""action"": ""NextPage"", ""template"": ""instructions/instruct-5.html""}"
APPBU5CLSQAU3:32AT8R96GMRJ2ZRS6082WT0NVOFUSF,6,1446153467597,"{""phase"": ""INSTRUCTIONS"", ""indexOf"": 5, ""viewTime"": 2908, ""action"": ""FinishInstructions"", ""template"": ""instructions/instruct-ready.html""}"
ARTSG66V2MOJ6:3I33IC7ZWGK6IRWW6GC55ABPQQU2AC,0,1446139223760,"{""phase"": ""INSTRUCTIONS"", ""templates"": [""instructions/instruct-1.html"", ""instructions/instruct-2.html"", ""instructions/instruct-3.html"", ""instructions/instruct-4.html"", ""instructions/instruct-5.html"", ""instructions/instruct-ready.html""], ""action"": ""Begin""}"
ARTSG66V2MOJ6:3I33IC7ZWGK6IRWW6GC55ABPQQU2AC,1,1446139225891,"{""phase"": ""INSTRUCTIONS"", ""indexOf"": 0, ""viewTime"": 2121, ""action"": ""NextPage"", ""template"": ""instructions/instruct-1.html""}"
ARTSG66V2MOJ6:3I33IC7ZWGK6IRWW6GC55ABPQQU2AC,2,1446139228239,"{""phase"": ""INSTRUCTIONS"", ""indexOf"": 1, ""viewTime"": 2348, ""action"": ""NextPage"", ""template"": ""instructions/instruct-2.html""}"
ARTSG66V2MOJ6:3I33IC7ZWGK6IRWW6GC55ABPQQU2AC,3,1446139231627,"{""phase"": ""INSTRUCTIONS"", ""indexOf"": 2, ""viewTime"": 3388, ""action"": ""NextPage"", ""template"": ""instructions/instruct-3.html""}"
ARTSG66V2MOJ6:3I33IC7ZWGK6IRWW6GC55ABPQQU2AC,4,1446139235787,"{""phase"": ""INSTRUCTIONS"", ""indexOf"": 3, ""viewTime"": 4160, ""action"": ""NextPage"", ""template"": ""instructions/instruct-4.html""}"
ARTSG66V2MOJ6:3I33IC7ZWGK6IRWW6GC55ABPQQU2AC,5,1446139240732,"{""phase"": ""INSTRUCTIONS"", ""indexOf"": 4, ""viewTime"": 4935, ""action"": ""NextPage"", ""template"": ""instructions/instruct-5.html""}"
ARTSG66V2MOJ6:3I33IC7ZWGK6IRWW6GC55ABPQQU2AC,6,1446139243240,"{""phase"": ""INSTRUCTIONS"", ""indexOf"": 5, ""viewTime"": 2498, ""action"": ""FinishInstructions"", ""template"": ""instructions/instruct-ready.html""}"
ATV65PFDODC08:3U5JL4WY5LRSHIJCL4N7IXJLBQSX42,0,1446152009852,"{""phase"": ""INSTRUCTIONS"", ""templates"": [""instructions/instruct-1.html"", ""instructions/instruct-2.html"", ""instructions/instruct-3.html"", ""instructions/instruct-4.html"", ""instructions/instruct-5.html"", ""instructions/instruct-ready.html""], ""action"": ""Begin""}"
ATV65PFDODC08:3U5JL4WY5LRSHIJCL4N7IXJLBQSX42,1,1446152011763,"{""phase"": ""INSTRUCTIONS"", ""indexOf"": 0, ""viewTime"": 1907, ""action"": ""NextPage"", ""template"": ""instructions/instruct-1.html""}"
ATV65PFDODC08:3U5JL4WY5LRSHIJCL4N7IXJLBQSX42,2,1446152016521,"{""phase"": ""INSTRUCTIONS"", ""indexOf"": 1, ""viewTime"": 4756, ""action"": ""NextPage"", ""template"": ""instructions/instruct-2.html""}"
ATV65PFDODC08:3U5JL4WY5LRSHIJCL4N7IXJLBQSX42,3,1446152020444,"{""phase"": ""INSTRUCTIONS"", ""indexOf"": 2, ""viewTime"": 3906, ""action"": ""NextPage"", ""template"": ""instructions/instruct-3.html""}"
ATV65PFDODC08:3U5JL4WY5LRSHIJCL4N7IXJLBQSX42,4,1446152028595,"{""phase"": ""INSTRUCTIONS"", ""indexOf"": 3, ""viewTime"": 8151, ""action"": ""NextPage"", ""template"": ""instructions/instruct-4.html""}"
ATV65PFDODC08:3U5JL4WY5LRSHIJCL4N7IXJLBQSX42,5,1446152038208,"{""phase"": ""INSTRUCTIONS"", ""indexOf"": 4, ""viewTime"": 9613, ""action"": ""NextPage"", ""template"": ""instructions/instruct-5.html""}"
ATV65PFDODC08:3U5JL4WY5LRSHIJCL4N7IXJLBQSX42,6,1446152046526,"{""phase"": ""INSTRUCTIONS"", ""indexOf"": 5, ""viewTime"": 8318, ""action"": ""FinishInstructions"", ""template"": ""instructions/instruct-ready.html""}"
AYHXK9JTG8IV3:3G2UL9A02EWCHQHZMFCOLWQB5NK761,0,1446139555003,"{""phase"": ""INSTRUCTIONS"", ""templates"": [""instructions/instruct-1.html"", ""instructions/instruct-2.html"", ""instructions/instruct-3.html"", ""instructions/instruct-4.html"", ""instructions/instruct-5.html"", ""instructions/instruct-ready.html""], ""action"": ""Begin""}"
AYHXK9JTG8IV3:3G2UL9A02EWCHQHZMFCOLWQB5NK761,1,1446139556291,"{""phase"": ""INSTRUCTIONS"", ""indexOf"": 0, ""viewTime"": 1284, ""action"": ""NextPage"", ""template"": ""instructions/instruct-1.html""}"
AYHXK9JTG8IV3:3G2UL9A02EWCHQHZMFCOLWQB5NK761,2,1446139557394,"{""phase"": ""INSTRUCTIONS"", ""indexOf"": 1, ""viewTime"": 1099, ""action"": ""NextPage"", ""template"": ""instructions/instruct-2.html""}"
AYHXK9JTG8IV3:3G2UL9A02EWCHQHZMFCOLWQB5NK761,3,1446139558081,"{""phase"": ""INSTRUCTIONS"", ""indexOf"": 2, ""viewTime"": 686, ""action"": ""NextPage"", ""template"": ""instructions/instruct-3.html""}"
AYHXK9JTG8IV3:3G2UL9A02EWCHQHZMFCOLWQB5NK761,4,1446139559105,"{""phase"": ""INSTRUCTIONS"", ""indexOf"": 3, ""viewTime"": 1022, ""action"": ""NextPage"", ""template"": ""instructions/instruct-4.html""}"
AYHXK9JTG8IV3:3G2UL9A02EWCHQHZMFCOLWQB5NK761,5,1446139561258,"{""phase"": ""INSTRUCTIONS"", ""indexOf"": 4, ""viewTime"": 2151, ""action"": ""NextPage"", ""template"": ""instructions/instruct-5.html""}"
AYHXK9JTG8IV3:3G2UL9A02EWCHQHZMFCOLWQB5NK761,6,1446139562641,"{""phase"": ""INSTRUCTIONS"", ""indexOf"": 5, ""viewTime"": 1381, ""action"": ""FinishInstructions"", ""template"": ""instructions/instruct-ready.html""}"
AYSG3J2U3UF1Y:336KAV9KYRA7E9UZMMQL8WTWTIQY2D,0,1446151203457,"{""phase"": ""INSTRUCTIONS"", ""templates"": [""instructions/instruct-1.html"", ""instructions/instruct-2.html"", ""instructions/instruct-3.html"", ""instructions/instruct-4.html"", ""instructions/instruct-5.html"", ""instructions/instruct-ready.html""], ""action"": ""Begin""}"
AYSG3J2U3UF1Y:336KAV9KYRA7E9UZMMQL8WTWTIQY2D,1,1446151205625,"{""phase"": ""INSTRUCTIONS"", ""indexOf"": 0, ""viewTime"": 2164, ""action"": ""NextPage"", ""template"": ""instructions/instruct-1.html""}"
AYSG3J2U3UF1Y:336KAV9KYRA7E9UZMMQL8WTWTIQY2D,2,1446151208147,"{""phase"": ""INSTRUCTIONS"", ""indexOf"": 1, ""viewTime"": 2519, ""action"": ""NextPage"", ""template"": ""instructions/instruct-2.html""}"
AYSG3J2U3UF1Y:336KAV9KYRA7E9UZMMQL8WTWTIQY2D,3,1446151212439,"{""phase"": ""INSTRUCTIONS"", ""indexOf"": 2, ""viewTime"": 4290, ""action"": ""NextPage"", ""template"": ""instructions/instruct-3.html""}"
AYSG3J2U3UF1Y:336KAV9KYRA7E9UZMMQL8WTWTIQY2D,4,1446151214537,"{""phase"": ""INSTRUCTIONS"", ""indexOf"": 3, ""viewTime"": 2097, ""action"": ""NextPage"", ""template"": ""instructions/instruct-4.html""}"
AYSG3J2U3UF1Y:336KAV9KYRA7E9UZMMQL8WTWTIQY2D,5,1446151218162,"{""phase"": ""INSTRUCTIONS"", ""indexOf"": 4, ""viewTime"": 3624, ""action"": ""NextPage"", ""template"": ""instructions/instruct-5.html""}"
AYSG3J2U3UF1Y:336KAV9KYRA7E9UZMMQL8WTWTIQY2D,6,1446151220119,"{""phase"": ""INSTRUCTIONS"", ""indexOf"": 5, ""viewTime"": 1955, ""action"": ""FinishInstructions"", ""template"": ""instructions/instruct-ready.html""}"
AZGBKAM5JUV5A:3WMINLGALCLJG9OY391BHNKB2HZCAN,0,1446137799516,"{""phase"": ""INSTRUCTIONS"", ""templates"": [""instructions/instruct-1.html"", ""instructions/instruct-2.html"", ""instructions/instruct-3.html"", ""instructions/instruct-4.html"", ""instructions/instruct-5.html"", ""instructions/instruct-ready.html""], ""action"": ""Begin""}"
AZGBKAM5JUV5A:3WMINLGALCLJG9OY391BHNKB2HZCAN,1,1446137800871,"{""phase"": ""INSTRUCTIONS"", ""indexOf"": 0, ""viewTime"": 1352, ""action"": ""NextPage"", ""template"": ""instructions/instruct-1.html""}"
AZGBKAM5JUV5A:3WMINLGALCLJG9OY391BHNKB2HZCAN,2,1446137802580,"{""phase"": ""INSTRUCTIONS"", ""indexOf"": 1, ""viewTime"": 1706, ""action"": ""NextPage"", ""template"": ""instructions/instruct-2.html""}"
AZGBKAM5JUV5A:3WMINLGALCLJG9OY391BHNKB2HZCAN,3,1446137804649,"{""phase"": ""INSTRUCTIONS"", ""indexOf"": 2, ""viewTime"": 2068, ""action"": ""NextPage"", ""template"": ""instructions/instruct-3.html""}"
AZGBKAM5JUV5A:3WMINLGALCLJG9OY391BHNKB2HZCAN,4,1446137806644,"{""phase"": ""INSTRUCTIONS"", ""indexOf"": 3, ""viewTime"": 1994, ""action"": ""NextPage"", ""template"": ""instructions/instruct-4.html""}"
AZGBKAM5JUV5A:3WMINLGALCLJG9OY391BHNKB2HZCAN,5,1446137810943,"{""phase"": ""INSTRUCTIONS"", ""indexOf"": 4, ""viewTime"": 4297, ""action"": ""NextPage"", ""template"": ""instructions/instruct-5.html""}"
AZGBKAM5JUV5A:3WMINLGALCLJG9OY391BHNKB2HZCAN,6,1446137812756,"{""phase"": ""INSTRUCTIONS"", ""indexOf"": 5, ""viewTime"": 1812, ""action"": ""FinishInstructions"", ""template"": ""instructions/instruct-ready.html""}"
